Workbook

Sheet 사용법
B2: 일일업무보고서 사용법
B4: <셀 색깔별 사용 법 >
C5: 기입X
C6: 수동기입
C7: 수식입력 되어 있으니 기입X
B9: <메뉴 별 사용 법>
B10: 호밀시리즈 (호라산, 호밀후르츠, 호밀비트)
B11: 생산량 X, 재고량X, 판매량O, 시식량O, 손실량O
B13: 슈톨렌, 파네토네, 미니파네토네(여름),구름빵
B14: 생산량 X, 재고량X, 판매량O, 시식량O, 손실량O
B15: (미니파네토네는 계절제품 상관없이 입력)
B17: 수프메뉴
B18: 생산량 X, 재고량X, 판매량O, 시식량O, 손실량O
B19: 손실량, 시식량 기준 : 수프 1잔 기준으로 절반 이하면 0.5 /절반 이상이면 1로 표기
B21: 선물 | C21: 금액을 지불하지 않고 영업시간 내에 제공된 완제품(협찬 포함)
B22: 쿠팡 | C22: 쿠팡잇츠 판매 내역
B23: 배민 | C23: 배달의민족 판매 내역
B24: 제로페이 | C24: 포스에 입력되지 않은 페이 결제 내역 (카카오, 서울페이 등), 계좌이체는 제외
B25: 택배 | C25: 택배 판매 내역
B26: 납품 | C26: 월말결제를 주로 하는 모든 납품 업체
B28: * 일일업무 보고서에 숫자로 기입하는 것은 완제품 기준 입니다.
B29: * 생산 공정상 발생하는 손실은 손실보고서 작성
B30: (손실보고서는 생산업무 전반에 발생하는 실수, 손해 모두 작성, 완제품으로 나오더라도 작성)
B31: * 일일업무보고서 내용 작성 누락 시 업무태도에 반영(제품의견, 서비스 내용은 출근직원은 반드시, 한줄이라도 작성할 것)

Sheet 1일
A1: 일 일 업 무 보 고 서
A2: 일 시 | C2: 2026년 2월 1일 (일요일) | E2: 확인 | F2: 작성자 | H2: 누계 매출액
A3: 지 점 명 | C3: 여의도 | D3: 점 | F3: 김윤희 | H3: =G11 -> 1418200
E5: 날씨 | F5: 외부온도 | G5: 내부온도 | H5: 외부습도 | I5: 내부습도
E6: 맑음 | F6: 1 | G6: 21 | H6: 0.3 | I6: 0.25
A9: 1. 금일 매출 실적 | B9: 실적 | C9: POS 매출 | E9: POS 외 매출 | G9: 총 매출 | I9: 객단가
C10: 매출액(원) | D10: 매출건수(건) | E10: 매출액(원) | F10: 매출건수(건) | G10: 총 매출액(원) | H10: 총 매출건수(건)
C11: 1307800 | D11: 87 | E11: =SUM(E55:I56) -> 110400 | F11: =SUM(E53:I54) -> 5 | G11: =C11+E11 -> 1418200 | H11: =D11+F11 -> 92 | I11: =G11/H11 -> 15415.217
A12: 2. 제품 판매량 | B12: 제품명 | C12: 생산량(ea) | D12: 손실량(ea) | E12: 시식량(ea) | F12: 기타(ea) In (+) / Out (-) | H12: 재고량(ea) | I12: 판매량(ea)
B13: 바게트 | C13: 21 | H13: 1 | I13: =C13-D13-D14*1/2-E13-E14*1/2+F13-H13-H14*1/2-I14*1/2 -> 19.5
B14: 바게트(H) | H14: 1
B15: 화바게트 | C15: 15 | H15: 9 | I15: =C15-D15-D16*1/2-E15-E16*1/2+F15-H15-H16*1/2-I16*1/2 -> 5.5
B16: 화바게트(H) | H16: 1
B17: 깜파뉴 | C17: 14 | I17: =C17-D17-D18*1/2-E17-E18*1/2+F17-H17-H18*1/2-I18*1/2 -> 14
B18: 깜파뉴(H)
B19: 식 빵 | C19: 10 | I19: =C19-D19-D20*1/2-E19-E20*1/2+F19-H19-H20*1/2-I20*1/2 -> 9.5
B20: 식 빵(H) | D20: 1
B21: 블랙올리브 | C21: 68 | D21: 1 | E21: 2 | H21: 20 | I21: =C21-D21-E21+F21-H21 -> 45
B22: 허 브 | C22: 14 | H22: 8 | I22: =C22-D22-E22+F22-H22 -> 6
B23: 치아바타 | C23: 86 | D23: 1 | E23: 3 | H23: 7 | I23: =C23-D23-D24-E23-E24+F23+F24-H23-H24-I24 -> #VALUE!
B24: 화치아바타 | E24: 1 | H24: `1
B25: 크로아상 | C25: 25 | H25: 6 | I25: =C25-D25-E25+F25-H25 -> 19
B26: 뺑오쇼콜라 | C26: 22 | I26: =C26-D26-E26+F26-H26 -> 22
B27: 플레인 스콘 | H27: 13 | I27: =C27-D27-E27+F27-H27 -> -13
B28: 크랜베리 스콘 | H28: 4 | I28: =C28-D28-E28+F28-H28 -> -4
B29: 브 레 첼 | C29: 40 | H29: 3 | I29: =C29-D29-E29+F29-H29 -> 37
B30: 스틱브레첼 | C30: 5 | E30: 2 | H30: 5 | I30: =C30-D30-D31-E30-E31+F30+F31-H30-H31-I31 -> -2
B31: 버터브레첼
B32: 호라산 통밀 | I32: 1
B33: 호밀비트
B34: 호밀후르츠 | I34: 1
B35: 구름빵 | I35: 15
B36: 무화과 호밀스틱 | C36: 15 | H36: 2 | I36: =C36-D36-E36+F36-H36 -> 13
B37: 봄날깜빠뉴 | I37: =C37-D37-D38*1/2-E37-E38*1/2+F37-H37-H38*1/2-I38*1/2 -> 0
B38: 봄날깜빠뉴(H)
B39: 여름메밀빵 | I39: =C39-D39-D40*1/2-E39-E40*1/2+F39-H39-H40*1/2-I40*1/2 -> 0
B40: 여름메밀빵(H)
B41: 가을애깜빠뉴 | I41: =C41-D41-D42*1/2-E41-E42*1/2+F41-H41-H42*1/2-I42*1/2 -> 0
B42: 가을애깜빠뉴(H)
B43: 슈톨렌
B44: 미니파네토네(여름)
B45: 파네토네
B46: 햄치즈샌드위치 | I46: =C46-D46-E46+F46-H46 -> 0
B47: 치킨샌드위치 | I47: =C47-D47-E47+F47-H47 -> 0
B48: 멜란자네 | I48: =C48-D48-E48+F48-H48 -> 0
B49: 수프+샌드위치
B50: 수프+빵 | I50: 1
B51: 합 계 | C51: =SUM(C13:C50) -> 335 | D51: =SUM(D13:D46) -> 3 | E51: =SUM(E13:E49) -> 8 | F51: =SUM(F13:F46) -> 0 | H51: =SUM(H13:H46) -> 80 | I51: =SUM(I13:I46) -> #VALUE!
A52: 3. 예약 및 POS 외 매출 | D52: 선물 | E52: 쿠팡이츠 | F52: 배 민 | G52: 제로페이 | H52: 택배 | I52: 납품
C53: 매출건수(건) | E53: 2 | F53: 2 | G53: 1
C55: 매출액(원) | E55: 46700 | F55: 53700 | G55: 10000
A57: 4. 서비스내역 및 손님 특이사항 | C57: 식빵이 4시 이전으로 이르게 품절되었습니다.
C58: 통곡물, 밤과 같은 재료를 사용한 제품이 있는지 물어보는 손님이 종종 계셨습니다.
C59: 어떤 빵을 만드는 가게인지 물어보시는 손님이 계셔서, 장시간 발효하여 소화가 잘되는 빵, 담백한 식사빵을 만든다고 답변해드렸습니다.
C60: 시그니처가 무엇인지 여쭤보시는 손님이 많았습니다. 시식을 진행했습니다.
A61: 5. 제품의견 / 손실 | C61: 윤희(오픈) : 바게트 맛은 좋으나, 내상이 골고루 열려있지않고, 눅눅한 식감이었습니다. / 브레첼과 크로와상 물 양 늘려서 반죽 쳤습니다.
C63: 도현(미들) : 치아바타 믹싱 할때는 힘이 강하지 않다고 했으나 분할,2차발효 시에는 발효가 더뎌 힘이 강해보였습니다.(분할할때 반죽안에 공기가 차있지 않은 느낌이었습니다.)
C64: 세은(마감) : 바게트 식감이 질기고 기공이 꺼진 듯한 모양새 였습니다.
A65: 6. 매장 관리 | B65: 시설/장비 특이사항 | C65: 양사장님 내일 매장 방문 하셔서 외풍 들어오는곳 수리해주실 예정 입니다.
B67: 청결/위생 관련업무 | C67: 도우박스 닦았습니다.
C68: 바닥 물걸레질 청소 하였습니다. 거미줄 제거 하였습니다.
C69: 도우컨 날개 분리하여 전체 청소 하였습니다.
A70: 7. 지시 및 전달사항
A73: 8. 내일 준비사항 | C73: 심팩홀딩스 납품 있습니다.
C74: 호밀비트 생산 있습니다.
A75: 9. 직원 특이사항 | C75: 휴무 | D75: 휴가 | E75: 지각/조퇴 | F75: 지원 | G75: 생일 | H75: 신입 | I75: 기타사항
B76: 금일 | C76: 준모,현진,진옥,희주
B77: 내일 | C77: 진옥,현진,윤희
A78: 10. 시설 점검사항 | C78: 첫 출 근 자 | E78: 최 종 퇴 근 자 | G78: 위생/마감 점검 | I78: 최종 점검
C79: 0.25 | D79: 윤희 | E79: 0.77083333 | F79: 윤경 | G79: 세은 | I79: 세은
H80: Paul & Paulina

Sheet 2일
A1: 일 일 업 무 보 고 서
A2: 일 시 | C2: 2026년 2 월 2 일 ( 월요일) | E2: 확인 | F2: 작성자 | H2: 누계 매출액
A3: 지 점 명 | D3: 여의도점 | F3: 김도현 | H3: =G11+'1일'!H3:I3 -> 3475400
E5: 날씨 | F5: 외부온도 | G5: 내부온도 | H5: 외부습도 | I5: 내부습도
E6: 맑음 | F6: 0 | G6: 20.6 | H6: 0.39 | I6: 0.26
A9: 1. 금일 매출 실적 | B9: 실적 | C9: POS 매출 | E9: POS 외 매출 | G9: 총 매출 | I9: 객단가
C10: 매출액(원) | D10: 매출건수(건) | E10: 매출액(원) | F10: 매출건수(건) | G10: 총 매출액(원) | H10: 총 매출건수(건)
C11: 1826500 | D11: 139 | E11: =SUM(E55:I56) -> 230700 | F11: =SUM(E53:I54) -> 11 | G11: =C11+E11 -> 2057200 | H11: =D11+F11 -> 150 | I11: =G11/H11 -> 13714.667
A12: 2. 제품 판매량 | B12: 제품명 | C12: 생산량(ea) | D12: 손실량(ea) | E12: 시식량(ea) | F12: 기타(ea) In (+) / Out (-) | H12: 재고량(ea) | I12: 판매량(ea)
B13: 바게트 | C13: 17 | I13: =C13-D13-D14*1/2-E13-E14*1/2+F13-H13-H14*1/2-I14*1/2 -> 17
B14: 바게트(H)
B15: 화바게트 | C15: 14 | I15: =C15-D15-D16*1/2-E15-E16*1/2+F15-H15-H16*1/2-I16*1/2 -> 14
B16: 화바게트(H)
B17: 깜파뉴 | C17: 16 | H17: 2 | I17: =C17-D17-D18*1/2-E17-E18*1/2+F17-H17-H18*1/2-I18*1/2 -> 13.5
B18: 깜파뉴(H) | E18: 1
B19: 식 빵 | C19: 11 | D19: 1 | I19: =C19-D19-D20*1/2-E19-E20*1/2+F19-H19-H20*1/2-I20*1/2 -> 10
B20: 식 빵(H)
B21: 블랙올리브 | C21: 58 | E21: 1 | H21: 8 | I21: =C21-D21-E21+F21-H21 -> 49
B22: 허 브 | C22: 46 | E22: 1 | H22: 6 | I22: =C22-D22-E22+F22-H22 -> 39
B23: 치아바타 | C23: 109 | E23: 1 | I23: =C23-D23-D24-E23-E24+F23+F24-H23-H24-I24 -> 101
B24: 화치아바타 | E24: 1 | H24: 6
B25: 크로아상 | C25: 26 | D25: 2 | E25: 1 | H25: 4 | I25: =C25-D25-E25+F25-H25 -> 19
B26: 뺑오쇼콜라 | C26: 20 | I26: =C26-D26-E26+F26-H26 -> 20
B27: 플레인 스콘 | C27: 22 | H27: 3 | I27: =C27-D27-E27+F27-H27 -> 19
B28: 크랜베리 스콘 | C28: 28 | H28: 8 | I28: =C28-D28-E28+F28-H28 -> 20
B29: 브 레 첼 | C29: 5 | I29: =C29-D29-E29+F29-H29 -> 5
B30: 스틱브레첼 | C30: 79 | E30: 2 | H30: 3 | I30: =C30-D30-D31-E30-E31+F30+F31-H30-H31-I31 -> 74
B31: 버터브레첼
B32: 호라산 통밀 | I32: 2
B33: 호밀비트
B34: 호밀후르츠 | I34: 2
B35: 구름빵 | E35: 2 | I35: 16
B36: 무화과 호밀스틱 | C36: 15 | H36: 10 | I36: =C36-D36-E36+F36-H36 -> 5
B37: 봄날깜빠뉴 | I37: =C37-D37-D38*1/2-E37-E38*1/2+F37-H37-H38*1/2-I38*1/2 -> 0
B38: 봄날깜빠뉴(H)
B39: 여름메밀빵 | I39: =C39-D39-D40*1/2-E39-E40*1/2+F39-H39-H40*1/2-I40*1/2 -> 0
B40: 여름메밀빵(H)
B41: 가을애깜빠뉴 | I41: =C41-D41-D42*1/2-E41-E42*1/2+F41-H41-H42*1/2-I42*1/2 -> 0
B42: 가을애깜빠뉴(H)
B43: 슈톨렌
B44: 미니파네토네(여름)
B45: 파네토네
B46: 햄치즈샌드위치 | C46: 12 | I46: =C46-D46-E46+F46-H46 -> 12
B47: 치킨샌드위치 | C47: 8 | I47: =C47-D47-E47+F47-H47 -> 8
B48: 멜란자네 | I48: =C48-D48-E48+F48-H48 -> 0
B49: 수프+샌드위치 | I49: 1
B50: 수프+빵 | I50: 2
B51: 합 계 | C51: =SUM(C13:C50) -> 486 | D51: =SUM(D13:D46) -> 3 | E51: =SUM(E13:E46) -> 10 | F51: =SUM(F13:F46) -> 0 | H51: =SUM(H13:H46) -> 50 | I51: =SUM(I13:I46) -> 437.5
A52: 3. 예약 및 POS 외 매출 | D52: 선물 | E52: 쿠팡이츠 | F52: 배 민 | G52: 제로페이 | H52: 택배 | I52: 납품
C53: 매출건수(건) | E53: 6 | F53: 1 | G53: 3 | I53: 1
C55: 매출액(원) | E55: 147700 | F55: 18400 | G55: 26400 | I55: 38200
A57: 4. 서비스내역 및 손님 특이사항 | C57: 밀가루 종류를 여쭤보고 우리밀을 사용한 제품을 찾으신 손님이 계셨습니다. 캐나다산 밀가루는 방부제가 들어가지 않냐며 여쭤보셨습니다.
C58: 식빵을 반 사이즈로 가져가시는 손님이 많았습니다. 무화과호밀스틱은 딱딱한지 여쭤보시는 손님이 종종 계시는데 시식 진행했습니다.
C59: 수프 단독으로만 구매 원하시는 손님이 두분 계셨습니다. 호밀후르츠, 우리통밀 빵의 가격을 보시고 비싸다고 말씀하시는 손님이 종종 계십니다.
C60: 브레첼이 가지고있는 특유의 맛은 무엇인지 여쭤보시는 손님이 계셨습니다.
A61: 5. 제품의견 / 손실 | C61: 오픈(김도현) : 금일 냉장 바게트 성형,분할 시에 공기 잘 차있었고 기공은 안정적이지는 않았지만 풍미는 괜찮았습니다./치아바타 오일 풍미,식감 좋았습니다.
C62: 오픈(정희주) : 스콘 버터향 잘 느껴지고 식감도 좋았습니다. 파이 반죽 평소보다 좀 더 촉촉했고 발효도 좀 덜 봤습니다.
C63: 미들(유준모) : 식빵 볼륨감 좋았습니다. 윗 부분 살짝 찐하게 나왔습니다.
C64: 마감(김세은) : 치아바타 오일 풍미, 식감 좋았습니다. / 스콘 구웠을때 버터 살짝 새어 나왔습니다.
A65: 6. 매장 관리 | B65: 시설/장비 특이사항 | C65: 양사장님 수리 목요일로 미뤄졌습니다.
B67: 청결/위생 관련업무 | C67: 금일 세스코 방문 하셨습니다.( 매장 밖 환풍기 뒤쪽에 쥐덫 설치 해주셨습니다.)
A70: 7. 지시 및 전달사항
A73: 8. 내일 준비사항 | C73: 내일 심팩 납품 준비 완료 하였습니다.
A75: 9. 직원 특이사항 | C75: 휴무 | D75: 휴가 | E75: 지각/조퇴 | F75: 지원 | G75: 생일 | H75: 신입 | I75: 기타사항
B76: 금일 | C76: 현진,윤희,진옥
B77: 내일 | C77: 진옥,준모
A78: 10. 시설 점검사항 | C78: 첫 출 근 자 | E78: 최 종 퇴 근 자 | G78: 위생/마감 점검 | I78: 최종 점검
C79: 0.25 | D79: 희주,도현 | E79: 0.8125 | F79: 허윤경 | G79: 김세은 | I79: 김세은
H80: Paul & Paulina

Sheet 3일
A1: 일 일 업 무 보 고 서
A2: 일 시 | C2: 2026 년 2월 3일 ( 화요일) | E2: 확인 | F2: 작성자 | H2: 누계 매출액
A3: 지 점 명 | C3: 여의도 | D3: 점 | F3: 정희주 | H3: =G11+'2일'!H3:I3 -> 5451100
E5: 날씨 | F5: 외부온도 | G5: 내부온도 | H5: 외부습도 | I5: 내부습도
E6: 맑음 | F6: 4 | G6: 23 | H6: 0.45 | I6: 0.25
A9: 1. 금일 매출 실적 | B9: 실적 | C9: POS 매출 | E9: POS 외 매출 | G9: 총 매출 | I9: 객단가
C10: 매출액(원) | D10: 매출건수(건) | E10: 매출액(원) | F10: 매출건수(건) | G10: 총 매출액(원) | H10: 총 매출건수(건)
C11: 1636100 | D11: 134 | E11: =SUM(E55:I56) -> 339600 | F11: =SUM(E53:I54) -> 12 | G11: =C11+E11 -> 1975700 | H11: =D11+F11 -> 146 | I11: =G11/H11 -> 13532.192
A12: 2. 제품 판매량 | B12: 제품명 | C12: 생산량(ea) | D12: 손실량(ea) | E12: 시식량(ea) | F12: 기타(ea) In (+) / Out (-) | H12: 재고량(ea) | I12: 판매량(ea)
B13: 바게트 | C13: 20 | H13: 3 | I13: =C13-D13-D14*1/2-E13-E14*1/2+F13-H13-H14*1/2-I14*1/2 -> 16.5
B14: 바게트(H) | H14: 1
B15: 화바게트 | C15: 17 | H15: 5 | I15: =C15-D15-D16*1/2-E15-E16*1/2+F15-H15-H16*1/2-I16*1/2 -> 11
B16: 화바게트(H) | E16: 1 | H16: 1
B17: 깜파뉴 | C17: 16 | H17: 7 | I17: =C17-D17-D18*1/2-E17-E18*1/2+F17-H17-H18*1/2-I18*1/2 -> 9
B18: 깜파뉴(H)
B19: 식 빵 | C19: 13 | H19: 3 | I19: =C19-D19-D20*1/2-E19-E20*1/2+F19-H19-H20*1/2-I20*1/2 -> 9.5
B20: 식 빵(H) | H20: 1
B21: 블랙올리브 | C21: 37 | E21: 1 | H21: 5 | I21: =C21-D21-E21+F21-H21 -> 31
B22: 허 브 | C22: 32 | H22: 12 | I22: =C22-D22-E22+F22-H22 -> 20
B23: 치아바타 | C23: 118 | E23: 2 | H23: 15 | I23: =C23-D23-D24-E23-E24+F23+F24-H23-H24-I24 -> 88
B24: 화치아바타 | D24: 1 | H24: 12
B25: 크로아상 | C25: 22 | D25: 1 | H25: 3 | I25: =C25-D25-E25+F25-H25 -> 18
B26: 뺑오쇼콜라 | C26: 44 | H26: 8 | I26: =C26-D26-E26+F26-H26 -> 36
B27: 플레인 스콘 | C27: 36 | H27: 16 | I27: =C27-D27-E27+F27-H27 -> 20
B28: 크랜베리 스콘 | C28: 29 | H28: 3 | I28: =C28-D28-E28+F28-H28 -> 26
B29: 브 레 첼 | C29: 5 | I29: =C29-D29-E29+F29-H29 -> 5
B30: 스틱브레첼 | C30: 78 | E30: 2 | H30: 16 | I30: =C30-D30-D31-E30-E31+F30+F31-H30-H31-I31 -> 60
B31: 버터브레첼
B32: 호라산 통밀
B33: 호밀비트
B34: 호밀후르츠 | I34: 1
B35: 구름빵 | I35: 20
B36: 무화과 호밀스틱 | C36: 20 | I36: =C36-D36-E36+F36-H36 -> 20
B37: 봄날깜빠뉴 | I37: =C37-D37-D38*1/2-E37-E38*1/2+F37-H37-H38*1/2-I38*1/2 -> 0
B38: 봄날깜빠뉴(H)
B39: 여름메밀빵 | I39: =C39-D39-D40*1/2-E39-E40*1/2+F39-H39-H40*1/2-I40*1/2 -> 0
B40: 여름메밀빵(H)
B41: 가을애깜빠뉴 | I41: =C41-D41-D42*1/2-E41-E42*1/2+F41-H41-H42*1/2-I42*1/2 -> 0
B42: 가을애깜빠뉴(H)
B43: 슈톨렌
B44: 미니파네토네(여름)
B45: 파네토네
B46: 햄치즈샌드위치 | C46: 24 | I46: =C46-D46-E46+F46-H46 -> 24
B47: 치킨샌드위치 | C47: 10 | I47: =C47-D47-E47+F47-H47 -> 10
B48: 멜란자네 | I48: =C48-D48-E48+F48-H48 -> 0
B49: 수프+샌드위치 | I49: 1
B50: 수프+빵 | I50: 3
B51: 합 계 | C51: =SUM(C13:C50) -> 521 | D51: =SUM(D13:D46) -> 2 | E51: =SUM(E13:E46) -> 6 | F51: =SUM(F13:F46) -> 0 | H51: =SUM(H13:H46) -> 111 | I51: =SUM(I13:I46) -> 415
A52: 3. 예약 및 POS 외 매출 | D52: 선물 | E52: 쿠팡이츠 | F52: 배 민 | G52: 제로페이 | H52: 택배 | I52: 납품
C53: 매출건수(건) | E53: 4 | F53: 1 | G53: 6 | I53: 1
C55: 매출액(원) | E55: 77800 | F55: 19100 | G55: 91500 | I55: 151200
A57: 4. 서비스내역 및 손님 특이사항 | C57: 샌드위치를 하루동안 꾸준히 찾으셔서 품절 이후에 한번 더 생산하여 판매했습니다.
C58: 수프의 단독판매와 수프의 단가를 여쭤보시는 손님이 계셨습니다.
C59: 어떤 게 잘 나가는지 여쭤보시는 손님이 많았습니다. 취향에 따른 차이를 설명드렸습니다.
C60: 달콤한 빵은 무엇인지 따로 여쭤보고 구매하시는 손님이 종종 계셨습니다.
A61: 5. 제품의견 / 손실 | C61: 오픈(김도현) : 크로와상 반죽 평소보다 물량 늘려 촉촉하게 쳤더니 크기,볼륨감 좋았습니다./ 치아바타 껍질 얇고 구움색 좋았습니다.
C62: 오픈(정희주) : 스콘 바스라지는 식감이 조금 덜 했지만 버터 풍미는 괜찮았습니다.
C63: 미들(김윤희) : 냉장바게트 기공이 좋지 않았고, 눅눅하였지만 끝에 단맛이 조금 올라왔습니다.
C64: 마감(김세은) : 크로와상 볼륨은 좋았으나, 버터 풍미가 많이 느껴지지는 않았습니다.
A65: 6. 매장 관리 | B65: 시설/장비 특이사항
B67: 청결/위생 관련업무 | C67: 미베 오븐 청소 했습니다.
A70: 7. 지시 및 전달사항 | C70: 호밀비트 33개 생산하였습니다.
A73: 8. 내일 준비사항 | C73: 심팩홀딩스, 파브리키친 납품 있습니다.
C74: 이태리제 납품 있습니다.
A75: 9. 직원 특이사항 | C75: 휴무 | D75: 휴가 | E75: 지각/조퇴 | F75: 지원 | G75: 생일 | H75: 신입 | I75: 기타사항
B76: 금일 | C76: 진옥,준모
B77: 내일 | C77: 도현,세은,윤경
A78: 10. 시설 점검사항 | C78: 첫 출 근 자 | E78: 최 종 퇴 근 자 | G78: 위생/마감 점검 | I78: 최종 점검
C79: 0.25 | D79: 도현,희주 | E79: 0.8125 | F79: 현진,윤경 | G79: 세은 | I79: 세은
H80: Paul & Paulina

Sheet 4일
A1: 일 일 업 무 보 고 서
A2: 일 시 | C2: 2026년 2월 4일 ( 화요일) | E2: 확인 | F2: 작성자 | H2: 누계 매출액
A3: 지 점 명 | C3: 여의도 | D3: 점 | F3: 유준모 | H3: =G11+'3일'!H3:I3 -> 7988100
E5: 날씨 | F5: 외부온도 | G5: 내부온도 | H5: 외부습도 | I5: 내부습도
E6: 구름 | F6: 6 | G6: 24 | H6: 0.25 | I6: 0.25
A9: 1. 금일 매출 실적 | B9: 실적 | C9: POS 매출 | E9: POS 외 매출 | G9: 총 매출 | I9: 객단가
C10: 매출액(원) | D10: 매출건수(건) | E10: 매출액(원) | F10: 매출건수(건) | G10: 총 매출액(원) | H10: 총 매출건수(건)
C11: 1955600 | D11: 146 | E11: =SUM(E55:I56) -> 581400 | F11: =SUM(E53:I54) -> 8 | G11: =C11+E11 -> 2537000 | H11: =D11+F11 -> 154 | I11: =G11/H11 -> 16474.026
A12: 2. 제품 판매량 | B12: 제품명 | C12: 생산량(ea) | D12: 손실량(ea) | E12: 시식량(ea) | F12: 기타(ea) In (+) / Out (-) | H12: 재고량(ea) | I12: 판매량(ea)
B13: 바게트 | C13: 43 | D13: 1 | I13: =C13-D13-D14*1/2-E13-E14*1/2+F13-H13-H14*1/2-I14*1/2 -> 41
B14: 바게트(H) | E14: 1 | H14: 1
B15: 화바게트 | C15: 17 | I15: =C15-D15-D16*1/2-E15-E16*1/2+F15-H15-H16*1/2-I16*1/2 -> 16.5
B16: 화바게트(H) | H16: 1
B17: 깜파뉴 | C17: 20 | I17: =C17-D17-D18*1/2-E17-E18*1/2+F17-H17-H18*1/2-I18*1/2 -> 19.5
B18: 깜파뉴(H) | E18: 1
B19: 식 빵 | C19: 13 | D19: 5 | I19: =C19-D19-D20*1/2-E19-E20*1/2+F19-H19-H20*1/2-I20*1/2 -> 8
B20: 식 빵(H)
B21: 블랙올리브 | C21: 90 | E21: 2 | H21: 1 | I21: =C21-D21-E21+F21-H21 -> 87
B22: 허 브 | C22: 35 | D22: 2 | E22: 1 | H22: 10 | I22: =C22-D22-E22+F22-H22 -> 22
B23: 치아바타 | C23: 122 | D23: 4 | E23: 3 | H23: 11 | I23: =C23-D23-D24-E23-E24+F23+F24-H23-H24-I24 -> 103
B24: 화치아바타 | E24: 1
B25: 크로아상 | C25: 25 | D25: 2 | I25: =C25-D25-E25+F25-H25 -> 23
B26: 뺑오쇼콜라 | C26: 22 | D26: 1 | I26: =C26-D26-E26+F26-H26 -> 21
B27: 플레인 스콘 | C27: 37 | E27: 2 | H27: 7 | I27: =C27-D27-E27+F27-H27 -> 28
B28: 크랜베리 스콘 | C28: 27 | D28: 2 | E28: 1 | I28: =C28-D28-E28+F28-H28 -> 24
B29: 브 레 첼 | C29: 5 | I29: =C29-D29-E29+F29-H29 -> 5
B30: 스틱브레첼 | C30: 61 | D30: 1 | I30: =C30-D30-D31-E30-E31+F30+F31-H30-H31-I31 -> 60
B31: 버터브레첼
B32: 호라산 통밀 | I32: 2
B33: 호밀비트 | I33: 4
B34: 호밀후르츠 | H34: 1 | I34: 1
B35: 구름빵 | E35: 3 | I35: 29
B36: 무화과 호밀스틱 | C36: 15 | I36: =C36-D36-E36+F36-H36 -> 15
B37: 봄날깜빠뉴 | I37: =C37-D37-D38*1/2-E37-E38*1/2+F37-H37-H38*1/2-I38*1/2 -> 0
B38: 봄날깜빠뉴(H)
B39: 여름메밀빵 | I39: =C39-D39-D40*1/2-E39-E40*1/2+F39-H39-H40*1/2-I40*1/2 -> 0
B40: 여름메밀빵(H)
B41: 가을애깜빠뉴 | I41: =C41-D41-D42*1/2-E41-E42*1/2+F41-H41-H42*1/2-I42*1/2 -> 0
B42: 가을애깜빠뉴(H)
B43: 슈톨렌
B44: 미니파네토네(여름)
B45: 파네토네
B46: 햄치즈샌드위치 | C46: 14 | I46: =C46-D46-E46+F46-H46 -> 14
B47: 치킨샌드위치 | C47: 8 | I47: =C47-D47-E47+F47-H47 -> 8
B48: 멜란자네 | I48: =C48-D48-E48+F48-H48 -> 0
B49: 수프+샌드위치
B50: 수프+빵
B51: 합 계 | C51: =SUM(C13:C50) -> 554 | D51: =SUM(D13:D46) -> 18 | E51: =SUM(E13:E46) -> 15 | F51: =SUM(F13:F46) -> 0 | H51: =SUM(H13:H46) -> 32 | I51: =SUM(I13:I46) -> 523
A52: 3. 예약 및 POS 외 매출 | D52: 선물 | E52: 쿠팡이츠 | F52: 배 민 | G52: 제로페이 | H52: 택배 | I52: 납품
C53: 매출건수(건) | D53: 1 | E53: 1 | F53: 1 | G53: 4 | I53: 2
C55: 매출액(원) | D55: 46000 | E55: 23800 | F55: 25100 | G55: 47100 | I55: 485400
A57: 4. 서비스내역 및 손님 특이사항 | C57: 선물용으로 구매하시는 손님 많았습니다.
A61: 5. 제품의견 / 손실 | C61: 유준모(오픈) : 냉장 바게트 반죽 가다마리 많았습니다.
C62: 김윤희(미들) : 스콘 식감은 좋았으나, 버터의 풍미가 부족하였습니다.
C63: 정희주(마감) : 크로와상 결 선명하게 잘 보였습니다. 치아바타 껍질이 조금 두껍고 올리브향이 약했습니다.
A65: 6. 매장 관리 | B65: 시설/장비 특이사항
B67: 청결/위생 관련업무
A70: 7. 지시 및 전달사항 | C70: 금일 심팩홀딩스, 이태리제, 파브리 납품 있었습니다.
C71: 내일 냉장 반죽부터 연희동 이관 제품 생산 합니다.
A73: 8. 내일 준비사항 | C73: 심팩홀딩스 납품 있습니다.
A75: 9. 직원 특이사항 | C75: 휴무 | E75: 지각/조퇴 | F75: 지원 | G75: 생일 | H75: 신입 | I75: 기타사항
B76: 금일 | C76: 도현, 세은, 윤경
B77: 내일 | C77: 희주, 윤경
A78: 10. 시설 점검사항 | C78: 첫 출 근 자 | E78: 최 종 퇴 근 자 | G78: 위생/마감 점검 | I78: 최종 점검
C79: 0.25 | D79: 준모 | E79: 0.8125 | F79: 현진 | G79: 희주 | I79: 희주
H80: Paul & Paulina

Sheet 5일
A1: 일 일 업 무 보 고 서
A2: 일 시 | C2: 2026년 2월 5일 ( 목요일) | E2: 확인 | F2: 작성자 | H2: 누계 매출액
A3: 지 점 명 | C3: 여의도 | D3: 점 | F3: 유준모 | H3: =G11+'4일'!H3:I3 -> 10153300
E5: 날씨 | F5: 외부온도 | G5: 내부온도 | H5: 외부습도 | I5: 내부습도
E6: 구름 | F6: 8 | G6: 24 | H6: 0.26 | I6: 0.25
A9: 1. 금일 매출 실적 | B9: 실적 | C9: POS 매출 | E9: POS 외 매출 | G9: 총 매출 | I9: 객단가
C10: 매출액(원) | D10: 매출건수(건) | E10: 매출액(원) | F10: 매출건수(건) | G10: 총 매출액(원) | H10: 총 매출건수(건)
C11: 1903400 | D11: 151 | E11: =SUM(E55:I56) -> 261800 | F11: =SUM(E53:I54) -> 8 | G11: =C11+E11 -> 2165200 | H11: =D11+F11 -> 159 | I11: =G11/H11 -> 13617.61
A12: 2. 제품 판매량 | B12: 제품명 | C12: 생산량(ea) | D12: 손실량(ea) | E12: 시식량(ea) | F12: 기타(ea) In (+) / Out (-) | H12: 재고량(ea) | I12: 판매량(ea)
B13: 바게트 | C13: 19 | D13: 1 | I13: =C13-D13-D14*1/2-E13-E14*1/2+F13-H13-H14*1/2-I14*1/2 -> 17.5
B14: 바게트(H) | E14: 1
B15: 화바게트 | C15: 11 | D15: 1 | I15: =C15-D15-D16*1/2-E15-E16*1/2+F15-H15-H16*1/2-I16*1/2 -> 9.5
B16: 화바게트(H) | E16: 1
B17: 깜파뉴 | C17: 18 | H17: 4 | I17: =C17-D17-D18*1/2-E17-E18*1/2+F17-H17-H18*1/2-I18*1/2 -> 11.5
B18: 깜파뉴(H) | E18: 5
B19: 식 빵 | C19: 12 | I19: =C19-D19-D20*1/2-E19-E20*1/2+F19-H19-H20*1/2-I20*1/2 -> 12
B20: 식 빵(H)
B21: 블랙올리브 | C21: 71 | H21: 11 | I21: =C21-D21-E21+F21-H21 -> 60
B22: 허 브 | C22: 35 | E22: 3 | H22: 5 | I22: =C22-D22-E22+F22-H22 -> 27
B23: 치아바타 | C23: 114 | D23: 3 | E23: 4 | H23: 12 | I23: =C23-D23-D24-E23-E24+F23+F24-H23-H24-I24 -> 94
B24: 화치아바타 | E24: 1
B25: 크로아상 | C25: 26 | D25: 2 | H25: 14 | I25: =C25-D25-E25+F25-H25 -> 10
B26: 뺑오쇼콜라 | C26: 21 | D26: 1 | I26: =C26-D26-E26+F26-H26 -> 20
B27: 플레인 스콘 | C27: 37 | E27: 2 | H27: 11 | I27: =C27-D27-E27+F27-H27 -> 24
B28: 크랜베리 스콘 | C28: 28 | E28: 3 | H28: 5 | I28: =C28-D28-E28+F28-H28 -> 20
B29: 브 레 첼 | C29: 5 | H29: 2 | I29: =C29-D29-E29+F29-H29 -> 3
B30: 스틱브레첼 | C30: 76 | H30: 4 | I30: =C30-D30-D31-E30-E31+F30+F31-H30-H31-I31 -> 72
B31: 버터브레첼
B32: 호라산 통밀 | I32: 2
B33: 호밀비트 | H33: 1 | I33: 1
B34: 호밀후르츠 | I34: 2
B35: 구름빵 | I35: 23
B36: 무화과 호밀스틱 | C36: 10 | I36: =C36-D36-E36+F36-H36 -> 10
B37: 봄날깜빠뉴 | I37: =C37-D37-D38*1/2-E37-E38*1/2+F37-H37-H38*1/2-I38*1/2 -> 0
B38: 봄날깜빠뉴(H)
B39: 여름메밀빵 | I39: =C39-D39-D40*1/2-E39-E40*1/2+F39-H39-H40*1/2-I40*1/2 -> 0
B40: 여름메밀빵(H)
B41: 가을애깜빠뉴 | I41: =C41-D41-D42*1/2-E41-E42*1/2+F41-H41-H42*1/2-I42*1/2 -> 0
B42: 가을애깜빠뉴(H)
B43: 슈톨렌
B44: 미니파네토네(여름)
B45: 파네토네
B46: 햄치즈샌드위치 | C46: 13 | I46: =C46-D46-E46+F46-H46 -> 13
B47: 치킨샌드위치 | C47: 21 | I47: =C47-D47-E47+F47-H47 -> 21
B48: 멜란자네 | I48: =C48-D48-E48+F48-H48 -> 0
B49: 수프+샌드위치
B50: 수프+빵 | I50: 3
B51: 합 계 | C51: =SUM(C13:C50) -> 517 | D51: =SUM(D13:D46) -> 8 | E51: =SUM(E13:E46) -> 20 | F51: =SUM(F13:F46) -> 0 | H51: =SUM(H13:H46) -> 69 | I51: =SUM(I13:I46) -> 431.5
A52: 3. 예약 및 POS 외 매출 | D52: 선물 | E52: 쿠팡이츠 | F52: 배 민 | G52: 제로페이 | H52: 택배 | I52: 납품
C53: 매출건수(건) | G53: 7 | I53: 1
C55: 매출액(원) | G55: 117800 | I55: 144000
A57: 4. 서비스내역 및 손님 특이사항 | C57: 버터브레첼 대량구매 많았습니다.(10개 이상)
C58: 점심시간보다 오후에 방문손님 많았습니다.
A61: 5. 제품의견 / 손실 | C61: 유준모(오픈) : 냉장 치아바타 반죽 온도가 조금 낮았습니다. / 덧가루 가다마리 많습니다.
C62: 김세은(미들) : 치아바타 목넘김 좋았고 오일풍미 잘 느껴졌습니다.
C63: 김윤희(마감) : 스콘 식감 좋았고, 버터의 풍미가 잘 느껴졌습니다 / 크로와상,뺑오 수축이 되었는지 크기가 작게 나왔습니다.
A65: 6. 매장 관리 | B65: 시설/장비 특이사항 | C65: 양사장님 방문 예정입니다.
B67: 청결/위생 관련업무
A70: 7. 지시 및 전달사항 | C70: 금일 심팩홀딩스 납품 있었습니다.
C71: 올리브 구웠습니다. / 연희동 납품으로 전체적인 생산량 변경 있습니다.
A73: 8. 내일 준비사항 | C73: 심팩홀딩스 납품 있습니다.
A75: 9. 직원 특이사항 | C75: 휴무 | D75: 휴가 | E75: 지각/조퇴 | F75: 지원 | G75: 생일 | H75: 신입 | I75: 기타사항
B76: 금일 | C76: 희주, 윤경
B77: 내일 | C77: 윤희
A78: 10. 시설 점검사항 | C78: 첫 출 근 자 | E78: 최 종 퇴 근 자 | G78: 위생/마감 점검 | I78: 최종 점검
C79: 0.25 | D79: 준모 | E79: 0.8125 | F79: 현진 | G79: 윤희 | I79: 윤희
H80: Paul & Paulina

Sheet 6일
A1: 일 일 업 무 보 고 서
A2: 일 시 | C2: 2026년 2월 6일 ( 금요일) | E2: 확인 | F2: 작성자 | H2: 누계 매출액
A3: 지 점 명 | C3: 여의도 | D3: 점 | F3: 유준모 | H3: =G11+'5일'!H3:I3 -> 12336700
E5: 날씨 | F5: 외부온도 | G5: 내부온도 | H5: 외부습도 | I5: 내부습도
F6: -4 | G6: 24 | H6: 0.24 | I6: 0.25
A9: 1. 금일 매출 실적 | B9: 실적 | C9: POS 매출 | E9: POS 외 매출 | G9: 총 매출 | I9: 객단가
C10: 매출액(원) | D10: 매출건수(건) | E10: 매출액(원) | F10: 매출건수(건) | G10: 총 매출액(원) | H10: 총 매출건수(건)
C11: 2004700 | D11: 156 | E11: =SUM(E55:I56) -> 178700 | F11: =SUM(E53:I54) -> 11 | G11: =C11+E11 -> 2183400 | H11: =D11+F11 -> 167 | I11: =G11/H11 -> 13074.251
A12: 2. 제품 판매량 | B12: 제품명 | C12: 생산량(ea) | D12: 손실량(ea) | E12: 시식량(ea) | F12: 기타(ea) In (+) / Out (-) | H12: 재고량(ea) | I12: 판매량(ea)
B13: 바게트 | C13: 30 | I13: =C13-D13-D14*1/2-E13-E14*1/2+F13-H13-H14*1/2-I14*1/2 -> 30
B14: 바게트(H)
B15: 화바게트 | C15: 22 | I15: =C15-D15-D16*1/2-E15-E16*1/2+F15-H15-H16*1/2-I16*1/2 -> 21.5
B16: 화바게트(H) | E16: 1
B17: 깜파뉴 | C17: 36 | I17: =C17-D17-D18*1/2-E17-E18*1/2+F17-H17-H18*1/2-I18*1/2 -> 36
B18: 깜파뉴(H)
B19: 식 빵 | C19: 17 | I19: =C19-D19-D20*1/2-E19-E20*1/2+F19-H19-H20*1/2-I20*1/2 -> 17
B20: 식 빵(H)
B21: 블랙올리브 | C21: 95 | H21: 5 | I21: =C21-D21-E21+F21-H21 -> 90
B22: 허 브 | C22: 57 | E22: 3 | H22: 19 | I22: =C22-D22-E22+F22-H22 -> 35
B23: 치아바타 | C23: 172 | E23: 1 | H23: 12 | I23: =C23-D23-D24-E23-E24+F23+F24-H23-H24-I24 -> 153
B24: 화치아바타 | D24: 4 | H24: 2
B25: 크로아상 | C25: 48 | D25: 3 | I25: =C25-D25-E25+F25-H25 -> 45
B26: 뺑오쇼콜라 | C26: 44 | I26: =C26-D26-E26+F26-H26 -> 44
B27: 플레인 스콘 | C27: 34 | I27: =C27-D27-E27+F27-H27 -> 34
B28: 크랜베리 스콘 | C28: 31 | I28: =C28-D28-E28+F28-H28 -> 31
B29: 브 레 첼 | C29: 10 | I29: =C29-D29-E29+F29-H29 -> 10
B30: 스틱브레첼 | C30: 107 | D30: 4 | E30: 1 | H30: 4 | I30: =C30-D30-D31-E30-E31+F30+F31-H30-H31-I31 -> 98
B31: 버터브레첼
B32: 호라산 통밀 | I32: 1
B33: 호밀비트 | I33: 2
B34: 호밀후르츠 | I34: 2
B35: 구름빵 | I35: 32
B36: 무화과 호밀스틱 | C36: 20 | D36: 1 | I36: =C36-D36-E36+F36-H36 -> 19
B37: 봄날깜빠뉴 | I37: =C37-D37-D38*1/2-E37-E38*1/2+F37-H37-H38*1/2-I38*1/2 -> 0
B38: 봄날깜빠뉴(H)
B39: 여름메밀빵 | I39: =C39-D39-D40*1/2-E39-E40*1/2+F39-H39-H40*1/2-I40*1/2 -> 0
B40: 여름메밀빵(H)
B41: 가을애깜빠뉴 | I41: =C41-D41-D42*1/2-E41-E42*1/2+F41-H41-H42*1/2-I42*1/2 -> 0
B42: 가을애깜빠뉴(H)
B43: 슈톨렌
B44: 미니파네토네(여름)
B45: 파네토네
B46: 햄치즈샌드위치 | C46: 13 | I46: =C46-D46-E46+F46-H46 -> 13
B47: 치킨샌드위치 | C47: 10 | I47: =C47-D47-E47+F47-H47 -> 10
B48: 멜란자네 | I48: =C48-D48-E48+F48-H48 -> 0
B49: 수프+샌드위치 | I49: 4
B50: 수프+빵 | I50: 4
B51: 합 계 | C51: =SUM(C13:C50) -> 746 | D51: =SUM(D13:D46) -> 12 | E51: =SUM(E13:E46) -> 6 | F51: =SUM(F13:F46) -> 0 | H51: =SUM(H13:H46) -> 42 | I51: =SUM(I13:I46) -> 713.5
A52: 3. 예약 및 POS 외 매출 | D52: 선물 | E52: 쿠팡이츠 | F52: 배 민 | G52: 제로페이 | H52: 택배 | I52: 납품
C53: 매출건수(건) | E53: 1 | F53: 2 | G53: 7 | I53: 1
C55: 매출액(원) | E55: 21000 | F55: 39200 | G55: 79900 | I55: 38600
A57: 4. 서비스내역 및 손님 특이사항 | C57: 바게트가 조기품절되어 이후에 찾으시는 손님이 많았습니다. 대부분 바게트를 구매하기위해 오신거라 크게 아쉬워하셨습니다.
C58: 건강한 빵이 있는지, 통밀 혹은 호밀을 사용하는지 여쭤보시면서. 일반 밀가루에 대해 반감을 가지는 손님이 계셨습니다.
C59: 큰 빵 (바게트, 깜빠뉴, 식빵)을 구매하기 위한 목적으로 방문하시는 손님이 많았습니다.
C60: 금일 수프 판매가 대부분 양송이수프로 판매되었습니다.
A61: 5. 제품의견 / 손실 | C61: 유준모(오픈) : 블랙올리브 1차 발효 부족으로 사이즈 작게 나왔습니다.
C62: 김세은(미들) : 치아바타 목넘김 좋았습니다/스틱브레첼 한판은 냉이 잘 안들어서 폐기처리 하였습니다.
C63: 정희주(마감) : 스콘 버터향 잘 느껴지고 식감 좋았습니다. 파이 성형시 촉촉한 느낌이 강했습니다.
A65: 6. 매장 관리 | B65: 시설/장비 특이사항
B67: 청결/위생 관련업무
A70: 7. 지시 및 전달사항 | C70: 금일 심팩홀딩스 납품 있었습니다.
C71: 연희동 제품 이관 있었습니다.
A73: 8. 내일 준비사항 | C73: 이태리재 바게트 15개 납품 있습니다.
A75: 9. 직원 특이사항 | C75: 휴무 | D75: 휴가 | E75: 지각/조퇴 | F75: 지원 | G75: 생일 | H75: 신입 | I75: 기타사항
B76: 금일 | C76: 윤희
B77: 내일 | C77: 윤희, 세은
A78: 10. 시설 점검사항 | C78: 첫 출 근 자 | E78: 최 종 퇴 근 자 | G78: 위생/마감 점검 | I78: 최종 점검
C79: 0.25 | D79: 준모 | E79: 0.8125 | F79: 현진, 윤경 | G79: 희주 | I79: 희주
H80: Paul & Paulina

Sheet 7일
A1: 일 일 업 무 보 고 서
A2: 일 시 | C2: 2026년 2월 7 일 ( 토요일) | E2: 확인 | F2: 작성자 | H2: 누계 매출액
A3: 지 점 명 | C3: 여의도 | D3: 점 | F3: 김도현 | H3: =G11+'6일'!H3:I3 -> 14617500
E5: 날씨 | F5: 외부온도 | G5: 내부온도 | H5: 외부습도 | I5: 내부습도
E6: 맑음 | F6: -5 | G6: 20 | H6: 0.26 | I6: 0.32
A9: 1. 금일 매출 실적 | B9: 실적 | C9: POS 매출 | E9: POS 외 매출 | G9: 총 매출 | I9: 객단가
C10: 매출액(원) | D10: 매출건수(건) | E10: 매출액(원) | F10: 매출건수(건) | G10: 총 매출액(원) | H10: 총 매출건수(건)
C11: 1972600 | D11: 143 | E11: =SUM(E55:I56) -> 308200 | F11: =SUM(E53:I54) -> 12 | G11: =C11+E11 -> 2280800 | H11: =D11+F11 -> 155 | I11: =G11/H11 -> 14714.839
A12: 2. 제품 판매량 | B12: 제품명 | C12: 생산량(ea) | D12: 손실량(ea) | E12: 시식량(ea) | F12: 기타(ea) In (+) / Out (-) | H12: 재고량(ea) | I12: 판매량(ea)
B13: 바게트 | C13: 44 | I13: =C13-D13-D14*1/2-E13-E14*1/2+F13-H13-H14*1/2-I14*1/2 -> 44
B14: 바게트(H)
B15: 화바게트 | C15: 23 | I15: =C15-D15-D16*1/2-E15-E16*1/2+F15-H15-H16*1/2-I16*1/2 -> 23
B16: 화바게트(H)
B17: 깜파뉴 | C17: 36 | I17: =C17-D17-D18*1/2-E17-E18*1/2+F17-H17-H18*1/2-I18*1/2 -> 36
B18: 깜파뉴(H)
B19: 식 빵 | C19: 17 | D19: 1 | I19: =C19-D19-D20*1/2-E19-E20*1/2+F19-H19-H20*1/2-I20*1/2 -> 16
B20: 식 빵(H)
B21: 블랙올리브 | C21: 94 | E21: 1 | I21: =C21-D21-E21+F21-H21 -> 93
B22: 허 브 | C22: 57 | E22: 2 | H22: 10 | I22: =C22-D22-E22+F22-H22 -> 45
B23: 치아바타 | C23: 180 | D23: 11 | E23: 4 | H23: 15 | I23: =C23-D23-D24-E23-E24+F23+F24-H23-H24-I24 -> 127
B24: 화치아바타 | D24: 3 | E24: 1 | H24: 19
B25: 크로아상 | C25: 48 | D25: 5 | H25: 7 | I25: =C25-D25-E25+F25-H25 -> 36
B26: 뺑오쇼콜라 | C26: 44 | I26: =C26-D26-E26+F26-H26 -> 44
B27: 플레인 스콘 | C27: 26 | E27: 1 | I27: =C27-D27-E27+F27-H27 -> 25
B28: 크랜베리 스콘 | C28: 35 | E28: 3 | I28: =C28-D28-E28+F28-H28 -> 32
B29: 브 레 첼 | C29: 10 | I29: =C29-D29-E29+F29-H29 -> 10
B30: 스틱브레첼 | C30: 147 | H30: 7 | I30: =C30-D30-D31-E30-E31+F30+F31-H30-H31-I31 -> 138
B31: 버터브레첼 | E31: 2
B32: 호라산 통밀 | I32: 2
B33: 호밀비트 | I33: 2
B34: 호밀후르츠 | I34: 2
B35: 구름빵 | I35: 16
B36: 무화과 호밀스틱 | C36: 20 | I36: =C36-D36-E36+F36-H36 -> 20
B37: 봄날깜빠뉴 | I37: =C37-D37-D38*1/2-E37-E38*1/2+F37-H37-H38*1/2-I38*1/2 -> 0
B38: 봄날깜빠뉴(H)
B39: 여름메밀빵 | I39: =C39-D39-D40*1/2-E39-E40*1/2+F39-H39-H40*1/2-I40*1/2 -> 0
B40: 여름메밀빵(H)
B41: 가을애깜빠뉴 | I41: =C41-D41-D42*1/2-E41-E42*1/2+F41-H41-H42*1/2-I42*1/2 -> 0
B42: 가을애깜빠뉴(H)
B43: 슈톨렌
B44: 미니파네토네(여름)
B45: 파네토네
B46: 햄치즈샌드위치 | C46: 12 | I46: =C46-D46-E46+F46-H46 -> 12
B47: 치킨샌드위치 | C47: 8 | I47: =C47-D47-E47+F47-H47 -> 8
B48: 멜란자네 | I48: =C48-D48-E48+F48-H48 -> 0
B49: 수프+샌드위치 | I49: 1
B50: 수프+빵 | I50: 4
B51: 합 계 | C51: =SUM(C13:C50) -> 801 | D51: =SUM(D13:D46) -> 20 | E51: =SUM(E13:E46) -> 14 | F51: =SUM(F13:F46) -> 0 | H51: =SUM(H13:H46) -> 58 | I51: =SUM(I13:I46) -> 723
A52: 3. 예약 및 POS 외 매출 | D52: 선물 | E52: 쿠팡이츠 | F52: 배 민 | G52: 제로페이 | H52: 택배 | I52: 납품
C53: 매출건수(건) | E53: 4 | F53: 2 | G53: 5 | I53: 1
C55: 매출액(원) | E55: 83300 | F55: 44700 | G55: 97700 | I55: 82500
A57: 4. 서비스내역 및 손님 특이사항 | C57: 금일 오픈시간 전 부터 손님방문 꾸준하게 계속 있었습니다.
C58: 오전에 빵이 늦게 나와서 구매 못하고 가신 손님 많았습니다.
A61: 5. 제품의견 / 손실 | C61: 오픈(김도현) : 브레첼,스콘 전체적으로 반죽칠때 힘이 강한 편으로 물량 조절 필요해 보입니다.
C62: 마감(정희주) : 밀가루 한포대에서 벌레가 많이 보여 전부 체쳐서 계량했습니다. 스콘 버터맛이 약했습니다.
A65: 6. 매장 관리 | B65: 시설/장비 특이사항
B67: 청결/위생 관련업무 | C67: 금일 스케줄이 밀려 청소는 간소화 하였습니다.
A70: 7. 지시 및 전달사항 | C70: 금일 허윤경님 연희점 지원근무 있었습니다.
C71: 이태리재 바게트 15개 납품있었습니다.
A73: 8. 내일 준비사항
A75: 9. 직원 특이사항 | C75: 휴무 | D75: 휴가 | E75: 지각/조퇴 | F75: 지원 | G75: 생일 | H75: 신입 | I75: 기타사항
B76: 금일 | C76: 윤희,세은
B77: 내일 | C77: 현진,세은,준모
A78: 10. 시설 점검사항 | C78: 첫 출 근 자 | E78: 최 종 퇴 근 자 | G78: 위생/마감 점검 | I78: 최종 점검
H80: Paul & Paulina

Sheet 8일
A1: 일 일 업 무 보 고 서
A2: 일 시 | C2: 2026 년 2 월 8 일 ( 일요일) | E2: 확인 | F2: 작성자 | H2: 누계 매출액
A3: 지 점 명 | D3: 점 | F3: 김도현 | H3: =G11+'7일'!H3:I3 -> 16018600
E5: 날씨 | F5: 외부온도 | G5: 내부온도 | H5: 외부습도 | I5: 내부습도
E6: 맑음 | F6: -4 | H6: 0.25
A9: 1. 금일 매출 실적 | B9: 실적 | C9: POS 매출 | E9: POS 외 매출 | G9: 총 매출 | I9: 객단가
C10: 매출액(원) | D10: 매출건수(건) | E10: 매출액(원) | F10: 매출건수(건) | G10: 총 매출액(원) | H10: 총 매출건수(건)
C11: 1188100 | D11: 76 | E11: =SUM(E55:I56) -> 213000 | F11: =SUM(E53:I54) -> 10 | G11: =C11+E11 -> 1401100 | H11: =D11+F11 -> 86 | I11: =G11/H11 -> 16291.86
A12: 2. 제품 판매량 | B12: 제품명 | C12: 생산량(ea) | D12: 손실량(ea) | E12: 시식량(ea) | F12: 기타(ea) In (+) / Out (-) | H12: 재고량(ea) | I12: 판매량(ea)
B13: 바게트 | C13: 16 | I13: =C13-D13-D14*1/2-E13-E14*1/2+F13-H13-H14*1/2-I14*1/2 -> 15.5
B14: 바게트(H) | H14: 1
B15: 화바게트 | C15: 40 | H15: 3 | I15: =C15-D15-D16*1/2-E15-E16*1/2+F15-H15-H16*1/2-I16*1/2 -> 36.5
B16: 화바게트(H) | H16: 1
B17: 깜파뉴 | C17: 36 | H17: 2 | I17: =C17-D17-D18*1/2-E17-E18*1/2+F17-H17-H18*1/2-I18*1/2 -> 34
B18: 깜파뉴(H)
B19: 식 빵 | C19: 17 | I19: =C19-D19-D20*1/2-E19-E20*1/2+F19-H19-H20*1/2-I20*1/2 -> 17
B20: 식 빵(H)
B21: 블랙올리브 | C21: 84 | H21: 11 | I21: =C21-D21-E21+F21-H21 -> 73
B22: 허 브 | C22: 50 | H22: 3 | I22: =C22-D22-E22+F22-H22 -> 47
B23: 치아바타 | C23: 161 | H23: 19 | I23: =C23-D23-D24-E23-E24+F23+F24-H23-H24-I24 -> 132
B24: 화치아바타 | D24: 3 | E24: 1 | H24: 6
B25: 크로아상 | C25: 48 | D25: 3 | H25: 20 | I25: =C25-D25-E25+F25-H25 -> 25
B26: 뺑오쇼콜라 | C26: 44 | H26: 5 | I26: =C26-D26-E26+F26-H26 -> 39
B27: 플레인 스콘 | C27: 25 | I27: =C27-D27-E27+F27-H27 -> 25
B28: 크랜베리 스콘 | C28: 37 | H28: 9 | I28: =C28-D28-E28+F28-H28 -> 28
B29: 브 레 첼 | C29: 10 | I29: =C29-D29-E29+F29-H29 -> 10
B30: 스틱브레첼 | C30: 111 | D30: 3 | E30: 3 | H30: 9 | I30: =C30-D30-D31-E30-E31+F30+F31-H30-H31-I31 -> 96
B31: 버터브레첼
B32: 호라산 통밀
B33: 호밀비트 | I33: 1
B34: 호밀후르츠
B35: 구름빵 | I35: 6
B36: 무화과 호밀스틱 | C36: 20 | H36: 5 | I36: =C36-D36-E36+F36-H36 -> 15
B37: 봄날깜빠뉴 | I37: =C37-D37-D38*1/2-E37-E38*1/2+F37-H37-H38*1/2-I38*1/2 -> 0
B38: 봄날깜빠뉴(H)
B39: 여름메밀빵 | I39: =C39-D39-D40*1/2-E39-E40*1/2+F39-H39-H40*1/2-I40*1/2 -> 0
B40: 여름메밀빵(H)
B41: 가을애깜빠뉴 | I41: =C41-D41-D42*1/2-E41-E42*1/2+F41-H41-H42*1/2-I42*1/2 -> 0
B42: 가을애깜빠뉴(H)
B43: 슈톨렌
B44: 미니파네토네(여름)
B45: 파네토네
B46: 햄치즈샌드위치 | C46: 2 | I46: =C46-D46-E46+F46-H46 -> 2
B47: 치킨샌드위치 | C47: 2 | I47: =C47-D47-E47+F47-H47 -> 2
B48: 멜란자네 | I48: =C48-D48-E48+F48-H48 -> 0
B49: 수프+샌드위치
B50: 수프+빵 | I50: 1
B51: 합 계 | C51: =SUM(C13:C50) -> 703 | D51: =SUM(D13:D46) -> 9 | E51: =SUM(E13:E46) -> 4 | F51: =SUM(F13:F46) -> 0 | H51: =SUM(H13:H46) -> 94 | I51: =SUM(I13:I46) -> 602
A52: 3. 예약 및 POS 외 매출 | D52: 선물 | E52: 쿠팡이츠 | F52: 배 민 | G52: 제로페이 | H52: 택배 | I52: 납품
C53: 매출건수(건) | E53: 5 | F53: 4 | G53: 1
C55: 매출액(원) | E55: 99900 | F55: 85900 | G55: 27200
A57: 4. 서비스내역 및 손님 특이사항 | C57: 금일 손님방문 꾸준하게 계속 있었고 4시 이후부터 손님방문 줄어들었습니다.
C58: 식빵이 4시 즈음에 품절되었는데 이후에 식빵을 찾으시는 손님이 많으셨습니다.
C59: 블랙올리브와 치아바타의 차이점에 대해 여쭤보시는 손님이 계셨습니다.
C60: 일반 바게트를 찾으시는 손님이 계셨으나 이르게 품절되었습니다.
A61: 5. 제품의견 / 손실 | C61: 오픈(김도현) : 전날에 친 냉장바게트 반죽 냉기가 잘 안풀려서 제품이 전체적으로 늦게 나왔습니다. (도우컨 시간 조정 해두었습니다.)
C62: 마감(정희주) : 크로와상 결 잘 나왔습니다. 크랜베리스콘 재단할때 촉촉한 느낌이 강했습니다.
A65: 6. 매장 관리 | B65: 시설/장비 특이사항 | C65: 외부벽 공사 아직 진행 못해 양사장님께 다시 연락드린상태 입니다.(부재중이셔서 다시 연락드릴 예정.)
B67: 청결/위생 관련업무 | C67: 일이밀려 대청소는 실시하지 못했습니다.
C68: 6월달 밀가루에서 계속 벌레가 나옵니다.(한두마리씩 계속 나와 체치는 작업중에 잘 확인해야할것 같습니다.)
A70: 7. 지시 및 전달사항 | C70: 실장님께서 매장비품 이관해주셨습니다.
A73: 8. 내일 준비사항 | C73: 내일 심팩납품,연희점 제품 지원 있습니다.
A75: 9. 직원 특이사항 | C75: 휴무 | D75: 휴가 | E75: 지각/조퇴 | F75: 지원 | G75: 생일 | H75: 신입 | I75: 기타사항
B76: 금일 | C76: 현진,준모,세은
B77: 내일 | C77: 현진,도현,희주
A78: 10. 시설 점검사항 | C78: 첫 출 근 자 | E78: 최 종 퇴 근 자 | G78: 위생/마감 점검 | I78: 최종 점검
C79: 0.25 | D79: 도현,윤희 | E79: 0.77083333 | F79: 허윤경 | G79: 정희주 | I79: 정희주
H80: Paul & Paulina

Sheet 9일
A1: 일 일 업 무 보 고 서
A2: 일 시 | C2: 2026년 2월 10일 ( 월요일) | E2: 확인 | F2: 작성자 | H2: 누계 매출액
A3: 지 점 명 | C3: 여의도 | D3: 점 | F3: 유준모 | H3: =G11+'8일'!H3:I3 -> 17614900
E5: 날씨 | F5: 외부온도 | G5: 내부온도 | H5: 외부습도 | I5: 내부습도
E6: 맑음 | F6: 2 | G6: 24 | H6: 0.25 | I6: 0.25
A9: 1. 금일 매출 실적 | B9: 실적 | C9: POS 매출 | E9: POS 외 매출 | G9: 총 매출 | I9: 객단가
C10: 매출액(원) | D10: 매출건수(건) | E10: 매출액(원) | F10: 매출건수(건) | G10: 총 매출액(원) | H10: 총 매출건수(건)
C11: 1392500 | D11: 112 | E11: =SUM(E55:I56) -> 203800 | F11: =SUM(E53:I54) -> 10 | G11: =C11+E11 -> 1596300 | H11: =D11+F11 -> 122 | I11: =G11/H11 -> 13084.426
A12: 2. 제품 판매량 | B12: 제품명 | C12: 생산량(ea) | D12: 손실량(ea) | E12: 시식량(ea) | F12: 기타(ea) In (+) / Out (-) | H12: 재고량(ea) | I12: 판매량(ea)
B13: 바게트 | C13: 30 | I13: =C13-D13-D14*1/2-E13-E14*1/2+F13-H13-H14*1/2-I14*1/2 -> 30
B14: 바게트(H)
B15: 화바게트 | C15: 28 | I15: =C15-D15-D16*1/2-E15-E16*1/2+F15-H15-H16*1/2-I16*1/2 -> 28
B16: 화바게트(H)
B17: 깜파뉴 | C17: 29 | I17: =C17-D17-D18*1/2-E17-E18*1/2+F17-H17-H18*1/2-I18*1/2 -> 29
B18: 깜파뉴(H)
B19: 식 빵 | C19: 16 | I19: =C19-D19-D20*1/2-E19-E20*1/2+F19-H19-H20*1/2-I20*1/2 -> 16
B20: 식 빵(H)
B21: 블랙올리브 | C21: 82 | I21: =C21-D21-E21+F21-H21 -> 82
B22: 허 브 | C22: 44 | E22: 1 | I22: =C22-D22-E22+F22-H22 -> 43
B23: 치아바타 | C23: 185 | D23: 1 | I23: =C23-D23-D24-E23-E24+F23+F24-H23-H24-I24 -> 184
B24: 화치아바타
B25: 크로아상 | C25: 48 | I25: =C25-D25-E25+F25-H25 -> 48
B26: 뺑오쇼콜라 | C26: 44 | I26: =C26-D26-E26+F26-H26 -> 44
B27: 플레인 스콘 | C27: 35 | I27: =C27-D27-E27+F27-H27 -> 35
B28: 크랜베리 스콘 | C28: 30 | I28: =C28-D28-E28+F28-H28 -> 30
B29: 브 레 첼 | C29: 10 | I29: =C29-D29-E29+F29-H29 -> 10
B30: 스틱브레첼 | C30: 111 | E30: 1 | I30: =C30-D30-D31-E30-E31+F30+F31-H30-H31-I31 -> 110
B31: 버터브레첼
B32: 호라산 통밀 | I32: 1
B33: 호밀비트
B34: 호밀후르츠
B35: 구름빵 | I35: 0
B36: 무화과 호밀스틱 | C36: 20 | I36: =C36-D36-E36+F36-H36 -> 20
B37: 봄날깜빠뉴 | I37: =C37-D37-D38*1/2-E37-E38*1/2+F37-H37-H38*1/2-I38*1/2 -> 0
B38: 봄날깜빠뉴(H)
B39: 여름메밀빵 | I39: =C39-D39-D40*1/2-E39-E40*1/2+F39-H39-H40*1/2-I40*1/2 -> 0
B40: 여름메밀빵(H)
B41: 가을애깜빠뉴 | I41: =C41-D41-D42*1/2-E41-E42*1/2+F41-H41-H42*1/2-I42*1/2 -> 0
B42: 가을애깜빠뉴(H)
B43: 슈톨렌
B44: 미니파네토네(여름)
B45: 파네토네
B46: 햄치즈샌드위치 | C46: 12 | I46: =C46-D46-E46+F46-H46 -> 12
B47: 치킨샌드위치 | C47: 7 | I47: =C47-D47-E47+F47-H47 -> 7
B48: 멜란자네 | I48: =C48-D48-E48+F48-H48 -> 0
B49: 수프+샌드위치 | I49: 1
B50: 수프+빵 | I50: 0
B51: 합 계 | C51: =SUM(C13:C50) -> 731 | D51: =SUM(D13:D46) -> 1 | E51: =SUM(E13:E46) -> 2 | F51: =SUM(F13:F46) -> 0 | H51: =SUM(H13:H46) -> 0 | I51: =SUM(I13:I46) -> 722
A52: 3. 예약 및 POS 외 매출 | D52: 선물 | E52: 쿠팡이츠 | F52: 배 민 | G52: 제로페이 | H52: 택배 | I52: 납품
C53: 매출건수(건) | E53: 5 | F53: 1 | G53: 3 | I53: 1
C55: 매출액(원) | E55: 115800 | F55: 20600 | G55: 29200 | I55: 38200
A57: 4. 서비스내역 및 손님 특이사항 | C57: 크랜베리스콘은 유난히 단독으로 구매해가시거나, 소량구매로 가져가시는 손님이 많았습니다.
C58: 금일 품절상품이 많아 아쉬워하며 돌아가시는 손님이 많았습니다.
C59: 식빵만 단독구매하러 방문하시는 손님이 많았으나, 품절되어 판매하지 못했습니다.
C60: 진열장에 몇 없는 빵들을 보시고 발걸음을 돌린 손님 분들이 많았습니다.
A61: 5. 제품의견 / 손실 | C61: 유준모(오픈) : 냉장 블랙올리브 벤치 타임 부족했습니다. / 2차 화이트바게트 발효 많았습니다.
C62: 김세은(오픈) : 바게트 물량 84에서 84.5로 늘려도 될 것 같습니다. 버터 넣기 전부터 힘이 셌습니다.
C63: 김윤희(마감) : 스콘과 브레첼 물량 조금씩 늘려서 반죽쳤습니다.
A65: 6. 매장 관리 | B65: 시설/장비 특이사항
B67: 청결/위생 관련업무
A70: 7. 지시 및 전달사항 | C70: 금일 심팩홀딩스 납품 있었습니다.
C71: 연희동 제품 이관 있었습니다.
A73: 8. 내일 준비사항 | C73: 구름빵 반죽 (4배합)
C74: 파브리키친 깜빠뉴 40개 납품 있습니다.
A75: 9. 직원 특이사항 | C75: 휴무 | D75: 휴가 | E75: 지각/조퇴 | F75: 지원 | G75: 생일 | H75: 신입 | I75: 기타사항
B76: 금일 | C76: 도현,현진,희주
B77: 내일 | C77: 도현,희주,윤경,지림
A78: 10. 시설 점검사항 | C78: 첫 출 근 자 | E78: 최 종 퇴 근 자 | G78: 위생/마감 점검 | I78: 최종 점검
C79: 0.25 | D79: 세은, 준모 | E79: 0.8125 | F79: 윤경 | G79: 윤희 | I79: 윤희
H80: Paul & Paulina

Sheet 10일
A1: 일 일 업 무 보 고 서
A2: 일 시 | C2: 2026년 2월 10일 ( 화요일) | E2: 확인 | F2: 작성자 | H2: 누계 매출액
A3: 지 점 명 | C3: 여의도 | D3: 점 | F3: 유준모 | H3: =G11+'9일'!H3:I3 -> 19782800
E5: 날씨 | F5: 외부온도 | G5: 내부온도 | H5: 외부습도 | I5: 내부습도
E6: 구름 | F6: 4 | G6: 23 | H6: 0.78 | I6: 0.27
A9: 1. 금일 매출 실적 | B9: 실적 | C9: POS 매출 | E9: POS 외 매출 | G9: 총 매출 | I9: 객단가
C10: 매출액(원) | D10: 매출건수(건) | E10: 매출액(원) | F10: 매출건수(건) | G10: 총 매출액(원) | H10: 총 매출건수(건)
C11: 1621800 | D11: 143 | E11: =SUM(E55:I56) -> 546100 | F11: =SUM(E53:I54) -> 6 | G11: =C11+E11 -> 2167900 | H11: =D11+F11 -> 149 | I11: =G11/H11 -> 14549.664
A12: 2. 제품 판매량 | B12: 제품명 | C12: 생산량(ea) | D12: 손실량(ea) | E12: 시식량(ea) | F12: 기타(ea) In (+) / Out (-) | H12: 재고량(ea) | I12: 판매량(ea)
B13: 바게트 | C13: 28 | H13: 9 | I13: =C13-D13-D14*1/2-E13-E14*1/2+F13-H13-H14*1/2-I14*1/2 -> 18
B14: 바게트(H) | D14: 1 | H14: 1
B15: 화바게트 | C15: 15 | H15: 1 | I15: =C15-D15-D16*1/2-E15-E16*1/2+F15-H15-H16*1/2-I16*1/2 -> 14
B16: 화바게트(H)
B17: 깜파뉴 | C17: 16 | D17: 1 | H17: 1 | I17: =C17-D17-D18*1/2-E17-E18*1/2+F17-H17-H18*1/2-I18*1/2 -> 12.5
B18: 깜파뉴(H) | E18: 3
B19: 식 빵 | C19: 11 | I19: =C19-D19-D20*1/2-E19-E20*1/2+F19-H19-H20*1/2-I20*1/2 -> 11
B20: 식 빵(H)
B21: 블랙올리브 | C21: 52 | E21: 2 | I21: =C21-D21-E21+F21-H21 -> 50
B22: 허 브 | C22: 30 | E22: 1 | H22: 9 | I22: =C22-D22-E22+F22-H22 -> 20
B23: 치아바타 | C23: 117 | E23: 8 | H23: 28 | I23: =C23-D23-D24-E23-E24+F23+F24-H23-H24-I24 -> 81
B24: 화치아바타
B25: 크로아상 | C25: 21 | D25: 1 | I25: =C25-D25-E25+F25-H25 -> 20
B26: 뺑오쇼콜라 | C26: 22 | I26: =C26-D26-E26+F26-H26 -> 22
B27: 플레인 스콘 | C27: 23 | I27: =C27-D27-E27+F27-H27 -> 23
B28: 크랜베리 스콘 | C28: 30 | D28: 2 | I28: =C28-D28-E28+F28-H28 -> 28
B29: 브 레 첼 | C29: 5 | D29: 3 | I29: =C29-D29-E29+F29-H29 -> 2
B30: 스틱브레첼 | C30: 43 | D30: 14 | I30: =C30-D30-D31-E30-E31+F30+F31-H30-H31-I31 -> 29
B31: 버터브레첼
B32: 호라산 통밀 | I32: 2
B33: 호밀비트 | I33: 2
B34: 호밀후르츠
B35: 구름빵
B36: 무화과 호밀스틱 | C36: 15 | E36: 1 | I36: =C36-D36-E36+F36-H36 -> 14
B37: 봄날깜빠뉴 | I37: =C37-D37-D38*1/2-E37-E38*1/2+F37-H37-H38*1/2-I38*1/2 -> 0
B38: 봄날깜빠뉴(H)
B39: 여름메밀빵 | I39: =C39-D39-D40*1/2-E39-E40*1/2+F39-H39-H40*1/2-I40*1/2 -> 0
B40: 여름메밀빵(H)
B41: 가을애깜빠뉴 | I41: =C41-D41-D42*1/2-E41-E42*1/2+F41-H41-H42*1/2-I42*1/2 -> 0
B42: 가을애깜빠뉴(H)
B43: 슈톨렌
B44: 미니파네토네(여름)
B45: 파네토네
B46: 햄치즈샌드위치 | C46: 11 | I46: =C46-D46-E46+F46-H46 -> 11
B47: 치킨샌드위치 | C47: 5 | I47: =C47-D47-E47+F47-H47 -> 5
B48: 멜란자네 | I48: =C48-D48-E48+F48-H48 -> 0
B49: 수프+샌드위치
B50: 수프+빵
B51: 합 계 | C51: =SUM(C13:C50) -> 444 | D51: =SUM(D13:D46) -> 22 | E51: =SUM(E13:E46) -> 15 | F51: =SUM(F13:F46) -> 0 | H51: =SUM(H13:H46) -> 49 | I51: =SUM(I13:I46) -> 359.5
A52: 3. 예약 및 POS 외 매출 | D52: 선물 | E52: 쿠팡이츠 | F52: 배 민 | G52: 제로페이 | H52: 택배 | I52: 납품
C53: 매출건수(건) | E53: 2 | G53: 2 | I53: 2
C55: 매출액(원) | E55: 48100 | G55: 21800 | I55: 476200
A57: 4. 서비스내역 및 손님 특이사항 | C57: 요즘 자주 방문하시는 손님께서 다른 빵은 먹으면 체하는데, 우리 빵은 소화가 잘 되신다면서 구매해가셨습니다.
A61: 5. 제품의견 / 손실 | C61: 유준모(오픈) : 식빵 발효 시점이 달랐습니다. / 크로아상 해동 평소보다 1시간 더 했습니다.
C62: 김세은(오픈) : 치아바타 맛 좋았습니다. / 식빵 믹싱 평소보다 잡히는게 늦었습니다.
C63: 김윤희(마감) : 브레첼 길이가 너무 길고, 터진 게 조금 많았습니다. / 치아바타 발효 좋았습니다.
A65: 6. 매장 관리 | B65: 시설/장비 특이사항
B67: 청결/위생 관련업무
A70: 7. 지시 및 전달사항 | C70: 금일 심팩홀딩스 납품 있었습니다. / 연희점 휴무로 제품 이관 없었습니다.
C71: 구름빵 반죽 작업 했습니다. / 호두 구웠습니다.
A73: 8. 내일 준비사항 | C73: 이태리제 납품
A75: 9. 직원 특이사항 | C75: 휴무 | D75: 휴가 | E75: 지각/조퇴 | F75: 지원 | G75: 생일 | H75: 신입 | I75: 기타사항
B76: 금일 | C76: 도현, 희주, 윤경, 지림
B77: 내일 | C77: 윤경, 윤희, 노윤
A78: 10. 시설 점검사항 | C78: 첫 출 근 자 | E78: 최 종 퇴 근 자 | G78: 위생/마감 점검 | I78: 최종 점검
C79: 0.25 | D79: 세은 | E79: 0.8125 | F79: 현진 | G79: 윤희 | I79: 윤희
H80: Paul & Paulina

Sheet 11일
A1: 일 일 업 무 보 고 서
A2: 일 시 | C2: 2026 년 2월 11일 ( 수요일) | E2: 확인 | F2: 작성자 | H2: 누계 매출액
A3: 지 점 명 | C3: 여의도 | D3: 점 | F3: 유준모 | H3: =G11+'10일'!H3:I3 -> 21992400
E5: 날씨 | F5: 외부온도 | G5: 내부온도 | H5: 외부습도 | I5: 내부습도
F6: 6 | G6: 23 | H6: 0.55 | I6: 0.23
A9: 1. 금일 매출 실적 | B9: 실적 | C9: POS 매출 | E9: POS 외 매출 | G9: 총 매출 | I9: 객단가
C10: 매출액(원) | D10: 매출건수(건) | E10: 매출액(원) | F10: 매출건수(건) | G10: 총 매출액(원) | H10: 총 매출건수(건)
C11: 1739600 | D11: 131 | E11: =SUM(E55:I56) -> 470000 | F11: =SUM(E53:I54) -> 15 | G11: =C11+E11 -> 2209600 | H11: =D11+F11 -> 146 | I11: =G11/H11 -> 15134.247
A12: 2. 제품 판매량 | B12: 제품명 | C12: 생산량(ea) | D12: 손실량(ea) | E12: 시식량(ea) | F12: 기타(ea) In (+) / Out (-) | H12: 재고량(ea) | I12: 판매량(ea)
B13: 바게트 | C13: 40 | I13: =C13-D13-D14*1/2-E13-E14*1/2+F13-H13-H14*1/2-I14*1/2 -> 40
B14: 바게트(H)
B15: 화바게트 | C15: 32 | I15: =C15-D15-D16*1/2-E15-E16*1/2+F15-H15-H16*1/2-I16*1/2 -> 32
B16: 화바게트(H)
B17: 깜파뉴 | C17: 42 | I17: =C17-D17-D18*1/2-E17-E18*1/2+F17-H17-H18*1/2-I18*1/2 -> 40.5
B18: 깜파뉴(H) | E18: 3
B19: 식 빵 | C19: 15 | I19: =C19-D19-D20*1/2-E19-E20*1/2+F19-H19-H20*1/2-I20*1/2 -> 15
B20: 식 빵(H)
B21: 블랙올리브 | C21: 93 | E21: 2 | I21: =C21-D21-E21+F21-H21 -> 91
B22: 허 브 | C22: 50 | E22: 3 | I22: =C22-D22-E22+F22-H22 -> 47
B23: 치아바타 | C23: 172 | D23: 4 | E23: 2 | I23: =C23-D23-D24-E23-E24+F23+F24-H23-H24-I24 -> 162
B24: 화치아바타 | D24: 3 | E24: 1
B25: 크로아상 | C25: 48 | D25: 1 | I25: =C25-D25-E25+F25-H25 -> 47
B26: 뺑오쇼콜라 | C26: 44 | I26: =C26-D26-E26+F26-H26 -> 44
B27: 플레인 스콘 | C27: 34 | E27: 1 | I27: =C27-D27-E27+F27-H27 -> 33
B28: 크랜베리 스콘 | C28: 30 | E28: 1 | I28: =C28-D28-E28+F28-H28 -> 29
B29: 브 레 첼 | C29: 10 | H29: 1 | I29: =C29-D29-E29+F29-H29 -> 9
B30: 스틱브레첼 | C30: 105 | I30: =C30-D30-D31-E30-E31+F30+F31-H30-H31-I31 -> 105
B31: 버터브레첼
B32: 호라산 통밀 | I32: 2
B33: 호밀비트 | I33: 2
B34: 호밀후르츠
B35: 구름빵 | I35: 18
B36: 무화과 호밀스틱 | C36: 20 | I36: =C36-D36-E36+F36-H36 -> 20
B37: 봄날깜빠뉴 | I37: =C37-D37-D38*1/2-E37-E38*1/2+F37-H37-H38*1/2-I38*1/2 -> 0
B38: 봄날깜빠뉴(H)
B39: 여름메밀빵 | I39: =C39-D39-D40*1/2-E39-E40*1/2+F39-H39-H40*1/2-I40*1/2 -> 0
B40: 여름메밀빵(H)
B41: 가을애깜빠뉴 | I41: =C41-D41-D42*1/2-E41-E42*1/2+F41-H41-H42*1/2-I42*1/2 -> 0
B42: 가을애깜빠뉴(H)
B43: 슈톨렌
B44: 미니파네토네(여름)
B45: 파네토네
B46: 햄치즈샌드위치 | C46: 12 | I46: =C46-D46-E46+F46-H46 -> 12
B47: 치킨샌드위치 | I47: =C47-D47-E47+F47-H47 -> 0
B48: 멜란자네 | I48: =C48-D48-E48+F48-H48 -> 0
B49: 수프+샌드위치 | I49: 2
B50: 수프+빵 | I50: 3
B51: 합 계 | C51: =SUM(C13:C50) -> 747 | D51: =SUM(D13:D46) -> 8 | E51: =SUM(E13:E46) -> 13 | F51: =SUM(F13:F46) -> 0 | H51: =SUM(H13:H46) -> 1 | I51: =SUM(I13:I46) -> 748.5
A52: 3. 예약 및 POS 외 매출 | D52: 선물 | E52: 쿠팡이츠 | F52: 배 민 | G52: 제로페이 | H52: 택배 | I52: 납품
C53: 매출건수(건) | E53: 6 | F53: 1 | G53: 7 | I53: 1
C55: 매출액(원) | E55: 151600 | F55: 18000 | G55: 140000 | I55: 160400
A57: 4. 서비스내역 및 손님 특이사항 | C57: 근래 첫구매 후, 재방문해주시는 손님 늘었습니다.
A61: 5. 제품의견 / 손실 | C61: 유준모(오픈) : 냉장 깜빠뉴 전체적으로 색깔 하얗게 나왔습니다. (25~26분 구움)
C62: 정희주(오픈) : 크로와상 조정수 넣어 조금 촉촉하게 믹싱했습니다. 치아바타 힘이 셌습니다.
C63: 김세은(마감) : 플레인스콘 반죽칠때 살짝 질척였습니다. 크랜베리스콘은 괜찮았습니다.
A65: 6. 매장 관리 | B65: 시설/장비 특이사항
B67: 청결/위생 관련업무
A70: 7. 지시 및 전달사항 | C70: 금일 심팩홀딩스, 이태리제 납품 있었습니다.
C71: 화이트 치아바타 대량 납품 문의 있었습니다.
A73: 8. 내일 준비사항 | C73: 올리브 굽기
A75: 9. 직원 특이사항 | C75: 휴무 | D75: 휴가 | E75: 지각/조퇴 | F75: 지원 | G75: 생일 | H75: 신입 | I75: 기타사항
B76: 금일 | C76: 윤경, 윤희, 노윤
B77: 내일 | C77: 준모, 윤희
A78: 10. 시설 점검사항 | C78: 첫 출 근 자 | E78: 최 종 퇴 근 자 | G78: 위생/마감 점검 | I78: 최종 점검
C79: 0.25 | D79: 희주, 준모 | E79: 0.8125 | F79: 현진 | G79: 세은 | I79: 세은
H80: Paul & Paulina

Sheet 12일
A1: 일 일 업 무 보 고 서
A2: 일 시 | C2: 2026 년 2월 12일 ( 목요일) | E2: 확인 | F2: 작성자 | H2: 누계 매출액
A3: 지 점 명 | C3: 여의도 | D3: 점 | F3: 정희주 | H3: =G11+'11일'!H3:I3 -> 24273400
E5: 날씨 | F5: 외부온도 | G5: 내부온도 | H5: 외부습도 | I5: 내부습도
E6: 흐림 | F6: 8 | G6: 22 | H6: 0.5 | I6: 0.26
A9: 1. 금일 매출 실적 | B9: 실적 | C9: POS 매출 | E9: POS 외 매출 | G9: 총 매출 | I9: 객단가
C10: 매출액(원) | D10: 매출건수(건) | E10: 매출액(원) | F10: 매출건수(건) | G10: 총 매출액(원) | H10: 총 매출건수(건)
C11: 1995300 | D11: 149 | E11: =SUM(E55:I56) -> 285700 | F11: =SUM(E53:I54) -> 10 | G11: =C11+E11 -> 2281000 | H11: =D11+F11 -> 159 | I11: =G11/H11 -> 14345.912
A12: 2. 제품 판매량 | B12: 제품명 | C12: 생산량(ea) | D12: 손실량(ea) | E12: 시식량(ea) | F12: 기타(ea) In (+) / Out (-) | H12: 재고량(ea) | I12: 판매량(ea)
B13: 바게트 | C13: 35 | H13: 3 | I13: =C13-D13-D14*1/2-E13-E14*1/2+F13-H13-H14*1/2-I14*1/2 -> 31.5
B14: 바게트(H) | H14: 1
B15: 화바게트 | C15: 37 | D15: 1 | H15: 2 | I15: =C15-D15-D16*1/2-E15-E16*1/2+F15-H15-H16*1/2-I16*1/2 -> 33.5
B16: 화바게트(H) | H16: 1
B17: 깜파뉴 | C17: 42 | I17: =C17-D17-D18*1/2-E17-E18*1/2+F17-H17-H18*1/2-I18*1/2 -> 41.5
B18: 깜파뉴(H) | E18: 1
B19: 식 빵 | C19: 16 | H19: 1 | I19: =C19-D19-D20*1/2-E19-E20*1/2+F19-H19-H20*1/2-I20*1/2 -> 15
B20: 식 빵(H)
B21: 블랙올리브 | C21: 91 | D21: 1 | H21: 4 | I21: =C21-D21-E21+F21-H21 -> 86
B22: 허 브 | C22: 50 | D22: 2 | E22: 1 | I22: =C22-D22-E22+F22-H22 -> 47
B23: 치아바타 | C23: 170 | D23: 2 | I23: =C23-D23-D24-E23-E24+F23+F24-H23-H24-I24 -> 166
B24: 화치아바타 | D24: 1 | E24: 1
B25: 크로아상 | C25: 48 | D25: 2 | I25: =C25-D25-E25+F25-H25 -> 46
B26: 뺑오쇼콜라 | C26: 44 | D26: 3 | I26: =C26-D26-E26+F26-H26 -> 41
B27: 플레인 스콘 | C27: 34 | I27: =C27-D27-E27+F27-H27 -> 34
B28: 크랜베리 스콘 | C28: 30 | I28: =C28-D28-E28+F28-H28 -> 30
B29: 브 레 첼 | C29: 10 | I29: =C29-D29-E29+F29-H29 -> 10
B30: 스틱브레첼 | C30: 107 | D30: 4 | I30: =C30-D30-D31-E30-E31+F30+F31-H30-H31-I31 -> 103
B31: 버터브레첼
B32: 호라산 통밀
B33: 호밀비트 | I33: 2
B34: 호밀후르츠
B35: 구름빵 | E35: 1 | I35: 25
B36: 무화과 호밀스틱 | C36: 20 | I36: =C36-D36-E36+F36-H36 -> 20
B37: 봄날깜빠뉴 | I37: =C37-D37-D38*1/2-E37-E38*1/2+F37-H37-H38*1/2-I38*1/2 -> 0
B38: 봄날깜빠뉴(H)
B39: 여름메밀빵 | I39: =C39-D39-D40*1/2-E39-E40*1/2+F39-H39-H40*1/2-I40*1/2 -> 0
B40: 여름메밀빵(H)
B41: 가을애깜빠뉴 | I41: =C41-D41-D42*1/2-E41-E42*1/2+F41-H41-H42*1/2-I42*1/2 -> 0
B42: 가을애깜빠뉴(H)
B43: 슈톨렌
B44: 미니파네토네(여름)
B45: 파네토네
B46: 햄치즈샌드위치 | I46: =C46-D46-E46+F46-H46 -> 0
B47: 치킨샌드위치 | C47: 14 | I47: =C47-D47-E47+F47-H47 -> 14
B48: 멜란자네 | I48: =C48-D48-E48+F48-H48 -> 0
B49: 수프+샌드위치
B50: 수프+빵 | I50: 1
B51: 합 계 | C51: =SUM(C13:C50) -> 748 | D51: =SUM(D13:D46) -> 16 | E51: =SUM(E13:E46) -> 4 | F51: =SUM(F13:F46) -> 0 | H51: =SUM(H13:H46) -> 12 | I51: =SUM(I13:I46) -> 731.5
A52: 3. 예약 및 POS 외 매출 | D52: 선물 | E52: 쿠팡이츠 | F52: 배 민 | G52: 제로페이 | H52: 택배 | I52: 납품
C53: 매출건수(건) | E53: 1 | F53: 3 | G53: 5 | I53: 1
C55: 매출액(원) | E55: 18600 | F55: 62600 | G55: 60500 | I55: 144000
A57: 4. 서비스내역 및 손님 특이사항 | C57: 제일 잘 나가는 빵은 어떤 제품인지 여쭤보시는 손님이 계셨습니다.
C58: 저희 빵을 선물 받으셨다가 구매하러 오신 손님이 계셨고, 치아바타와 크로와상을 구매하셨습니다.
C59: 구름빵이 어떤 빵인지를 여쭤보시는 손님이 종종 계셨습니다.
C60: 버터브레첼이 조기품절되어 아쉬워하는 손님이 계셨습니다.
A61: 5. 제품의견 / 손실 | C61: 오픈(정희주) : 치아바타 맛은 괜찮았지만 살짝 뭉친 식감이었습니다. 크로와상 오늘은 조정수 없이 반죽 믹싱 진행했습니다.
A65: 6. 매장 관리 | B65: 시설/장비 특이사항
B67: 청결/위생 관련업무
A70: 7. 지시 및 전달사항 | C70: 블랙올리브 구웠습니다.
A73: 8. 내일 준비사항
A75: 9. 직원 특이사항 | C75: 휴무 | D75: 휴가 | E75: 지각/조퇴 | F75: 지원 | G75: 생일 | H75: 신입 | I75: 기타사항
B76: 금일 | C76: 준모,진옥,윤희
B77: 내일 | C77: 준모,세은
A78: 10. 시설 점검사항 | C78: 첫 출 근 자 | E78: 최 종 퇴 근 자 | G78: 위생/마감 점검 | I78: 최종 점검
C79: 0.25 | D79: 희주,도현 | E79: 0.8125 | F79: 현진,윤경 | G79: 세은,노윤 | I79: 세은,노윤
H80: Paul & Paulina

Sheet 13일
A1: 일 일 업 무 보 고 서
A2: 일 시 | C2: 2026년 2월 13일 (금요일) | E2: 확인 | F2: 작성자 | H2: 누계 매출액
A3: 지 점 명 | C3: 여의도 | D3: 점 | F3: 김윤희 | H3: =G11+'12일'!H3:I3 -> 26716500
E5: 날씨 | F5: 외부온도 | G5: 내부온도 | H5: 외부습도 | I5: 내부습도
E6: 흐림 | F6: 7 | G6: 24 | H6: 0.74 | I6: 0.26
A9: 1. 금일 매출 실적 | B9: 실적 | C9: POS 매출 | E9: POS 외 매출 | G9: 총 매출 | I9: 객단가
C10: 매출액(원) | D10: 매출건수(건) | E10: 매출액(원) | F10: 매출건수(건) | G10: 총 매출액(원) | H10: 총 매출건수(건)
C11: 2189300 | D11: 152 | E11: =SUM(E55:I56) -> 253800 | F11: =SUM(E53:I54) -> 13 | G11: =C11+E11 -> 2443100 | H11: =D11+F11 -> 165 | I11: =G11/H11 -> 14806.667
A12: 2. 제품 판매량 | B12: 제품명 | C12: 생산량(ea) | D12: 손실량(ea) | E12: 시식량(ea) | F12: 기타(ea) In (+) / Out (-) | H12: 재고량(ea) | I12: 판매량(ea)
B13: 바게트 | C13: 65 | I13: =C13-D13-D14*1/2-E13-E14*1/2+F13-H13-H14*1/2-I14*1/2 -> 65
B14: 바게트(H)
B15: 화바게트 | C15: 24 | I15: =C15-D15-D16*1/2-E15-E16*1/2+F15-H15-H16*1/2-I16*1/2 -> 24
B16: 화바게트(H)
B17: 깜파뉴 | C17: 30 | I17: =C17-D17-D18*1/2-E17-E18*1/2+F17-H17-H18*1/2-I18*1/2 -> 30
B18: 깜파뉴(H)
B19: 식 빵 | C19: 16 | I19: =C19-D19-D20*1/2-E19-E20*1/2+F19-H19-H20*1/2-I20*1/2 -> 16
B20: 식 빵(H)
B21: 블랙올리브 | C21: 90 | E21: 2 | I21: =C21-D21-E21+F21-H21 -> 88
B22: 허 브 | C22: 100 | I22: =C22-D22-E22+F22-H22 -> 100
B23: 치아바타 | C23: 208 | E23: 1 | I23: =C23-D23-D24-E23-E24+F23+F24-H23-H24-I24 -> 204
B24: 화치아바타 | D24: 1 | E24: 2
B25: 크로아상 | C25: 45 | D25: 2 | I25: =C25-D25-E25+F25-H25 -> 43
B26: 뺑오쇼콜라 | C26: 41 | I26: =C26-D26-E26+F26-H26 -> 41
B27: 플레인 스콘 | C27: 32 | D27: 1 | I27: =C27-D27-E27+F27-H27 -> 31
B28: 크랜베리 스콘 | C28: 27 | I28: =C28-D28-E28+F28-H28 -> 27
B29: 브 레 첼 | C29: 10 | I29: =C29-D29-E29+F29-H29 -> 10
B30: 스틱브레첼 | C30: 104 | D30: 1 | I30: =C30-D30-D31-E30-E31+F30+F31-H30-H31-I31 -> 103
B31: 버터브레첼
B32: 호라산 통밀
B33: 호밀비트 | I33: 1
B34: 호밀후르츠 | I34: 8
B35: 구름빵
B36: 무화과 호밀스틱 | C36: 20 | I36: =C36-D36-E36+F36-H36 -> 20
B37: 봄날깜빠뉴 | I37: =C37-D37-D38*1/2-E37-E38*1/2+F37-H37-H38*1/2-I38*1/2 -> 0
B38: 봄날깜빠뉴(H)
B39: 여름메밀빵 | I39: =C39-D39-D40*1/2-E39-E40*1/2+F39-H39-H40*1/2-I40*1/2 -> 0
B40: 여름메밀빵(H)
B41: 가을애깜빠뉴 | I41: =C41-D41-D42*1/2-E41-E42*1/2+F41-H41-H42*1/2-I42*1/2 -> 0
B42: 가을애깜빠뉴(H)
B43: 슈톨렌
B44: 미니파네토네(여름)
B45: 파네토네
B46: 햄치즈샌드위치 | C46: 13 | I46: =C46-D46-E46+F46-H46 -> 13
B47: 치킨샌드위치 | C47: 3 | I47: =C47-D47-E47+F47-H47 -> 3
B48: 멜란자네 | I48: =C48-D48-E48+F48-H48 -> 0
B49: 수프+샌드위치 | I49: 1
B50: 수프+빵 | I50: 1
B51: 합 계 | C51: =SUM(C13:C50) -> 828 | D51: =SUM(D13:D46) -> 5 | E51: =SUM(E13:E46) -> 5 | F51: =SUM(F13:F46) -> 0 | H51: =SUM(H13:H46) -> 0 | I51: =SUM(I13:I46) -> 824
A52: 3. 예약 및 POS 외 매출 | D52: 선물 | E52: 쿠팡이츠 | F52: 배 민 | G52: 제로페이 | H52: 택배 | I52: 납품
C53: 매출건수(건) | E53: 4 | F53: 2 | G53: 6 | I53: 1
C55: 매출액(원) | E55: 88700 | F55: 43800 | G55: 82700 | I55: 38600
A57: 4. 서비스내역 및 손님 특이사항 | C57: 전 품목 5시 즈음에 품절되었고, 이후에도 손님이 많이 다녀가셨습니다.
C58: 샌드위치 품절 이후에도 찾으시는 손님이 많으셨습니다.
C59: 어제 식빵을 구매하셨는데 입에 맞지 않았다고 환불해달라고 하셔서 환불처리해드렸습니다.
C60: 명절을 앞둔 탓인지 예약이 7~8건으로 평소보다 많았습니다.
A61: 5. 제품의견 / 손실 | C61: 윤희(오픈) : 브레첼 수화가 잘 안되었는지, 성형할 때 물을 뿜어냈습니다. / 바게트 물량 82% 시작하였는데, 조정수 안 넣어도 좋았습니다.
C63: 도현(오픈) : 성형한 식빵 도우컨 안쪽에 있는 반죽이 발효가 빨라 과발효 되고 말라있습니다./ 치아바타 오븐스프링 좋습니다.
C64: 마감(희주) : 날씨가 풀려서 파이실 온도 좀 더 낮춰도 될 것 같습니다. 성형할때 냉이 빨리 풀립니다,
A65: 6. 매장 관리 | B65: 시설/장비 특이사항 | C65: 양사장님 안오셔서 다음주에 다시 연락드릴 예정입니다.
B67: 청결/위생 관련업무
A70: 7. 지시 및 전달사항 | C70: 금일 노윤님 오븐교육 있었습니다.
A73: 8. 내일 준비사항 | C73: 이태리제 바게트 25개 납품 있습니다.
A75: 9. 직원 특이사항 | C75: 휴무 | D75: 휴가 | E75: 지각/조퇴 | F75: 지원 | G75: 생일 | H75: 신입 | I75: 기타사항
B76: 금일 | C76: 준모,세은
B77: 내일 | C77: 희주,도현,지림
A78: 10. 시설 점검사항 | C78: 첫 출 근 자 | E78: 최 종 퇴 근 자 | G78: 위생/마감 점검 | I78: 최종 점검
C79: 0.25 | D79: 도현,윤희 | E79: 0.8125 | F79: 현진,윤경 | G79: 희주 | I79: 희주
H80: Paul & Paulina

Sheet 14일
A1: 일 일 업 무 보 고 서
A2: 일 시 | C2: 2026년 2월 14일 (토요일) | E2: 확인 | F2: 작성자 | H2: 누계 매출액
A3: 지 점 명 | C3: 여의도 | D3: 점 | F3: 김윤희 | H3: =G11+'13일'!H3:I3 -> 28981900
E5: 날씨 | F5: 외부온도 | G5: 내부온도 | H5: 외부습도 | I5: 내부습도
E6: 맑음 | F6: 11 | G6: 26 | H6: 0.62 | I6: 0.28
A9: 1. 금일 매출 실적 | B9: 실적 | C9: POS 매출 | E9: POS 외 매출 | G9: 총 매출 | I9: 객단가
C10: 매출액(원) | D10: 매출건수(건) | E10: 매출액(원) | F10: 매출건수(건) | G10: 총 매출액(원) | H10: 총 매출건수(건)
C11: 1936500 | D11: 125 | E11: =SUM(E55:I56) -> 328900 | F11: =SUM(E53:I54) -> 9 | G11: =C11+E11 -> 2265400 | H11: =D11+F11 -> 134 | I11: =G11/H11 -> 16905.97
A12: 2. 제품 판매량 | B12: 제품명 | C12: 생산량(ea) | D12: 손실량(ea) | E12: 시식량(ea) | F12: 기타(ea) In (+) / Out (-) | H12: 재고량(ea) | I12: 판매량(ea)
B13: 바게트 | C13: 65 | I13: =C13-D13-D14*1/2-E13-E14*1/2+F13-H13-H14*1/2-I14*1/2 -> 65
B14: 바게트(H)
B15: 화바게트 | C15: 24 | I15: =C15-D15-D16*1/2-E15-E16*1/2+F15-H15-H16*1/2-I16*1/2 -> 24
B16: 화바게트(H)
B17: 깜파뉴 | C17: 28 | D17: 3 | I17: =C17-D17-D18*1/2-E17-E18*1/2+F17-H17-H18*1/2-I18*1/2 -> 23.5
B18: 깜파뉴(H) | D18: 2 | E18: 1
B19: 식 빵 | C19: 16 | I19: =C19-D19-D20*1/2-E19-E20*1/2+F19-H19-H20*1/2-I20*1/2 -> 16
B20: 식 빵(H)
B21: 블랙올리브 | C21: 82 | E21: 1 | H21: 6 | I21: =C21-D21-E21+F21-H21 -> 75
B22: 허 브 | C22: 57 | D22: 2 | H22: 8 | I22: =C22-D22-E22+F22-H22 -> 47
B23: 치아바타 | C23: 183 | D23: 1 | E23: 2 | H23: 20 | I23: =C23-D23-D24-E23-E24+F23+F24-H23-H24-I24 -> 156
B24: 화치아바타 | D24: 1 | H24: 3
B25: 크로아상 | C25: 35 | I25: =C25-D25-E25+F25-H25 -> 35
B26: 뺑오쇼콜라 | C26: 55 | I26: =C26-D26-E26+F26-H26 -> 55
B27: 플레인 스콘 | C27: 29 | D27: 2 | I27: =C27-D27-E27+F27-H27 -> 27
B28: 크랜베리 스콘 | C28: 45 | D28: 8 | I28: =C28-D28-E28+F28-H28 -> 37
B29: 브 레 첼 | C29: 10 | I29: =C29-D29-E29+F29-H29 -> 10
B30: 스틱브레첼 | C30: 102 | D30: 1 | I30: =C30-D30-D31-E30-E31+F30+F31-H30-H31-I31 -> 101
B31: 버터브레첼
B32: 호라산 통밀
B33: 호밀비트
B34: 호밀후르츠 | I34: 2
B35: 구름빵 | I35: 8
B36: 무화과 호밀스틱 | C36: 20 | I36: =C36-D36-E36+F36-H36 -> 20
B37: 봄날깜빠뉴 | I37: =C37-D37-D38*1/2-E37-E38*1/2+F37-H37-H38*1/2-I38*1/2 -> 0
B38: 봄날깜빠뉴(H)
B39: 여름메밀빵 | I39: =C39-D39-D40*1/2-E39-E40*1/2+F39-H39-H40*1/2-I40*1/2 -> 0
B40: 여름메밀빵(H)
B41: 가을애깜빠뉴 | I41: =C41-D41-D42*1/2-E41-E42*1/2+F41-H41-H42*1/2-I42*1/2 -> 0
B42: 가을애깜빠뉴(H)
B43: 슈톨렌
B44: 미니파네토네(여름)
B45: 파네토네
B46: 햄치즈샌드위치 | C46: 13 | I46: =C46-D46-E46+F46-H46 -> 13
B47: 치킨샌드위치 | I47: =C47-D47-E47+F47-H47 -> 0
B48: 멜란자네 | I48: =C48-D48-E48+F48-H48 -> 0
B49: 수프+샌드위치
B50: 수프+빵 | I50: 5
B51: 합 계 | C51: =SUM(C13:C50) -> 764 | D51: =SUM(D13:D46) -> 20 | E51: =SUM(E13:E46) -> 4 | F51: =SUM(F13:F46) -> 0 | H51: =SUM(H13:H46) -> 37 | I51: =SUM(I13:I46) -> 714.5
A52: 3. 예약 및 POS 외 매출 | D52: 선물 | E52: 쿠팡이츠 | F52: 배 민 | G52: 제로페이 | H52: 택배 | I52: 납품
C53: 매출건수(건) | E53: 3 | F53: 1 | G53: 4 | I53: 1
C55: 매출액(원) | E55: 57500 | F55: 45000 | G55: 88900 | I55: 137500
A57: 4. 서비스내역 및 손님 특이사항 | C57: 큰빵 위주로 손님들이 찾으셨고, 품절 이후에도 찾으시는 손님들이 많았습니다.
C58: 구매해가시는 단위가 평소보다 많았습니다.
C59: 2시 전까지 샌드위치를 찾으시는 손님들이 많았습니다.
A61: 5. 제품의견 / 손실 | C61: 윤희(오픈) : 치아바타 힘 적당했습니다. / 당일바게트 오븐온도가 좀 낮아 색깔이 연하게 나왔습니다.
C62: 준모(오픈) : 호밀스틱 물량 많은 느낌이였습니다. / 1차 크로아상 발효 조금 많았습니다.
A65: 6. 매장 관리 | B65: 시설/장비 특이사항
B67: 청결/위생 관련업무
A70: 7. 지시 및 전달사항 | C70: 이태리제 바게트 25개 납품 완료하였습니다.
A73: 8. 내일 준비사항 | C73: 블랙올리브 굽기
A75: 9. 직원 특이사항 | C75: 휴무 | D75: 휴가 | E75: 지각/조퇴 | F75: 지원 | G75: 생일 | H75: 신입 | I75: 기타사항
B76: 금일 | C76: 희주,도현,지림
B77: 내일 | C77: 희주,도현,진옥,현진,노윤
A78: 10. 시설 점검사항 | C78: 첫 출 근 자 | E78: 최 종 퇴 근 자 | G78: 위생/마감 점검 | I78: 최종 점검
C79: 0.25 | D79: 준모,윤희 | E79: 0.77083333 | F79: 현진,윤경 | G79: 세은 | I79: 세은
H80: Paul & Paulina

Sheet 15일
A1: 일 일 업 무 보 고 서
A2: 일 시 | C2: 2026년 2월 15일 ( 일요일) | E2: 확인 | F2: 작성자 | H2: 누계 매출액
A3: 지 점 명 | C3: 여의도 | D3: 점 | F3: 유준모 | H3: =G11+'14일'!H3:I3 -> 30349100
E5: 날씨 | F5: 외부온도 | G5: 내부온도 | H5: 외부습도 | I5: 내부습도
E6: 흐림 | F6: 10 | G6: 26 | H6: 0.31 | I6: 0.27
A9: 1. 금일 매출 실적 | B9: 실적 | C9: POS 매출 | E9: POS 외 매출 | G9: 총 매출 | I9: 객단가
C10: 매출액(원) | D10: 매출건수(건) | E10: 매출액(원) | F10: 매출건수(건) | G10: 총 매출액(원) | H10: 총 매출건수(건)
C11: 1180900 | D11: 70 | E11: =SUM(E55:I56) -> 186300 | F11: =SUM(E53:I54) -> 9 | G11: =C11+E11 -> 1367200 | H11: =D11+F11 -> 79 | I11: =G11/H11 -> 17306.329
A12: 2. 제품 판매량 | B12: 제품명 | C12: 생산량(ea) | D12: 손실량(ea) | E12: 시식량(ea) | F12: 기타(ea) In (+) / Out (-) | H12: 재고량(ea) | I12: 판매량(ea)
B13: 바게트 | C13: 35 | I13: =C13-D13-D14*1/2-E13-E14*1/2+F13-H13-H14*1/2-I14*1/2 -> 35
B14: 바게트(H)
B15: 화바게트 | C15: 25 | I15: =C15-D15-D16*1/2-E15-E16*1/2+F15-H15-H16*1/2-I16*1/2 -> 25
B16: 화바게트(H)
B17: 깜파뉴 | C17: 38 | D17: 4 | I17: =C17-D17-D18*1/2-E17-E18*1/2+F17-H17-H18*1/2-I18*1/2 -> 34
B18: 깜파뉴(H)
B19: 식 빵 | C19: 16 | I19: =C19-D19-D20*1/2-E19-E20*1/2+F19-H19-H20*1/2-I20*1/2 -> 16
B20: 식 빵(H)
B21: 블랙올리브 | C21: 95 | D21: 2 | H21: 9 | I21: =C21-D21-E21+F21-H21 -> 84
B22: 허 브 | C22: 40 | E22: 2 | H22: 2 | I22: =C22-D22-E22+F22-H22 -> 36
B23: 치아바타 | C23: 184 | E23: 2 | H23: 28 | I23: =C23-D23-D24-E23-E24+F23+F24-H23-H24-I24 -> 140
B24: 화치아바타 | D24: 1 | E24: 1 | H24: 12
B25: 크로아상 | C25: 35 | H25: 13 | I25: =C25-D25-E25+F25-H25 -> 22
B26: 뺑오쇼콜라 | C26: 55 | D26: 1 | I26: =C26-D26-E26+F26-H26 -> 54
B27: 플레인 스콘 | C27: 29 | D27: 1 | H27: 1 | I27: =C27-D27-E27+F27-H27 -> 27
B28: 크랜베리 스콘 | C28: 45 | D28: 1 | H28: 2 | I28: =C28-D28-E28+F28-H28 -> 42
B29: 브 레 첼 | C29: 10 | H29: 1 | I29: =C29-D29-E29+F29-H29 -> 9
B30: 스틱브레첼 | C30: 160 | H30: 29 | I30: =C30-D30-D31-E30-E31+F30+F31-H30-H31-I31 -> 131
B31: 버터브레첼
B32: 호라산 통밀
B33: 호밀비트
B34: 호밀후르츠
B35: 구름빵
B36: 무화과 호밀스틱 | C36: 20 | D36: 1 | I36: =C36-D36-E36+F36-H36 -> 19
B37: 봄날깜빠뉴 | I37: =C37-D37-D38*1/2-E37-E38*1/2+F37-H37-H38*1/2-I38*1/2 -> 0
B38: 봄날깜빠뉴(H)
B39: 여름메밀빵 | I39: =C39-D39-D40*1/2-E39-E40*1/2+F39-H39-H40*1/2-I40*1/2 -> 0
B40: 여름메밀빵(H)
B41: 가을애깜빠뉴 | I41: =C41-D41-D42*1/2-E41-E42*1/2+F41-H41-H42*1/2-I42*1/2 -> 0
B42: 가을애깜빠뉴(H)
B43: 슈톨렌
B44: 미니파네토네(여름)
B45: 파네토네
B46: 햄치즈샌드위치 | C46: 3 | I46: =C46-D46-E46+F46-H46 -> 3
B47: 치킨샌드위치 | C47: 2 | I47: =C47-D47-E47+F47-H47 -> 2
B48: 멜란자네 | I48: =C48-D48-E48+F48-H48 -> 0
B49: 수프+샌드위치
B50: 수프+빵
B51: 합 계 | C51: =SUM(C13:C50) -> 792 | D51: =SUM(D13:D46) -> 11 | E51: =SUM(E13:E46) -> 5 | F51: =SUM(F13:F46) -> 0 | H51: =SUM(H13:H46) -> 97 | I51: =SUM(I13:I46) -> 677
A52: 3. 예약 및 POS 외 매출 | D52: 선물 | E52: 쿠팡이츠 | F52: 배 민 | G52: 제로페이 | H52: 택배 | I52: 납품
C53: 매출건수(건) | E53: 4 | F53: 3 | G53: 2
C55: 매출액(원) | E55: 81100 | F55: 80200 | G55: 25000
A57: 4. 서비스내역 및 손님 특이사항 | C57: 깜빠뉴를 사워도우 빵으로 오해하신 손님이 계셨습니다.
C58: 브라운바게트가 일찍 품절되었습니다.
C59: 정말 맛있고 좋은 빵이지만, 습기를 금방 먹는 것이 유일하게 아쉽다고 자주 사가시는 손님께서 의견 남기셨습니다.
C60: 치아바타를 샌드위치용 말고 단독으로도 먹어도 되는지 여쭤보시는 손님이 계셨습니다.
A61: 5. 제품의견 / 손실 | C61: 유준모(오픈) : 냉장 제품들 전체적으로 발효 빨랐습니다. / 브레첼 반죽 전 날 발효가 많이 된 느낌
C62: 김세은(오픈) : 냉장바게트 발효가 빨라 펀치 3번 했습니다.
C63: 김윤희(마감) : 브레첼의 길이가 제각각입니다. / 뺑오 볼륨감은 좋았으나, 약간 뭉친 부분이 있었습니다.
A65: 6. 매장 관리 | B65: 시설/장비 특이사항
B67: 청결/위생 관련업무 | C67: 도우컨 날개 빼서 닦았습니다. / 브레드박스 닦았습니다.
C68: 박텔 오븐 청소했습니다.
C69: 냉장고 필터 청소 했습니다. / 브레첼 철판 닦았습니다.
A70: 7. 지시 및 전달사항 | C70: 금일 연희동 제품 이관 고은 팀장님께서 제품 추가로 요청 하셔서 기존보다 추가로 보냈습니다.
C71: 설날 휴무로 기계들 끄고 퇴근 합니다.
A73: 8. 내일 준비사항
A75: 9. 직원 특이사항 | C75: 휴무 | D75: 휴가 | E75: 지각/조퇴 | F75: 지원 | G75: 생일 | H75: 신입 | I75: 기타사항
B76: 금일 | C76: 도현,현진,희주,노윤
B77: 내일
A78: 10. 시설 점검사항 | C78: 첫 출 근 자 | E78: 최 종 퇴 근 자 | G78: 위생/마감 점검 | I78: 최종 점검
C79: 0.25 | D79: 세은, 준모 | E79: 0.77083333 | F79: 윤경 | G79: 윤희 | I79: 윤희
H80: Paul & Paulina

Sheet 16일
A1: 일 일 업 무 보 고 서
A2: 일 시 | C2: 202 년 월 일 ( 요일) | E2: 확인 | F2: 작성자 | H2: 누계 매출액
A3: 지 점 명 | D3: 점 | H3: =G11+'15일'!H3:I3 -> 30349100
E5: 날씨 | F5: 외부온도 | G5: 내부온도 | H5: 외부습도 | I5: 내부습도
A9: 1. 금일 매출 실적 | B9: 실적 | C9: POS 매출 | E9: POS 외 매출 | G9: 총 매출 | I9: 객단가
C10: 매출액(원) | D10: 매출건수(건) | E10: 매출액(원) | F10: 매출건수(건) | G10: 총 매출액(원) | H10: 총 매출건수(건)
E11: =SUM(E55:I56) -> 0 | F11: =SUM(E53:I54) -> 0 | G11: =C11+E11 -> 0 | H11: =D11+F11 -> 0 | I11: =G11/H11 -> #DIV/0!
A12: 2. 제품 판매량 | B12: 제품명 | C12: 생산량(ea) | D12: 손실량(ea) | E12: 시식량(ea) | F12: 기타(ea) In (+) / Out (-) | H12: 재고량(ea) | I12: 판매량(ea)
B13: 바게트 | I13: =C13-D13-D14*1/2-E13-E14*1/2+F13-H13-H14*1/2-I14*1/2 -> 0
B14: 바게트(H)
B15: 화바게트 | I15: =C15-D15-D16*1/2-E15-E16*1/2+F15-H15-H16*1/2-I16*1/2 -> 0
B16: 화바게트(H)
B17: 깜파뉴 | I17: =C17-D17-D18*1/2-E17-E18*1/2+F17-H17-H18*1/2-I18*1/2 -> 0
B18: 깜파뉴(H)
B19: 식 빵 | I19: =C19-D19-D20*1/2-E19-E20*1/2+F19-H19-H20*1/2-I20*1/2 -> 0
B20: 식 빵(H)
B21: 블랙올리브 | I21: =C21-D21-E21+F21-H21 -> 0
B22: 허 브 | I22: =C22-D22-E22+F22-H22 -> 0
B23: 치아바타 | I23: =C23-D23-D24-E23-E24+F23+F24-H23-H24-I24 -> 0
B24: 화치아바타
B25: 크로아상 | I25: =C25-D25-E25+F25-H25 -> 0
B26: 뺑오쇼콜라 | I26: =C26-D26-E26+F26-H26 -> 0
B27: 플레인 스콘 | I27: =C27-D27-E27+F27-H27 -> 0
B28: 크랜베리 스콘 | I28: =C28-D28-E28+F28-H28 -> 0
B29: 브 레 첼 | I29: =C29-D29-E29+F29-H29 -> 0
B30: 스틱브레첼 | I30: =C30-D30-D31-E30-E31+F30+F31-H30-H31-I31 -> 0
B31: 버터브레첼
B32: 호라산 통밀
B33: 호밀비트
B34: 호밀후르츠
B35: 구름빵
B36: 무화과 호밀스틱 | I36: =C36-D36-E36+F36-H36 -> 0
B37: 봄날깜빠뉴 | I37: =C37-D37-D38*1/2-E37-E38*1/2+F37-H37-H38*1/2-I38*1/2 -> 0
B38: 봄날깜빠뉴(H)
B39: 여름메밀빵 | I39: =C39-D39-D40*1/2-E39-E40*1/2+F39-H39-H40*1/2-I40*1/2 -> 0
B40: 여름메밀빵(H)
B41: 가을애깜빠뉴 | I41: =C41-D41-D42*1/2-E41-E42*1/2+F41-H41-H42*1/2-I42*1/2 -> 0
B42: 가을애깜빠뉴(H)
B43: 슈톨렌
B44: 미니파네토네(여름)
B45: 파네토네
B46: 햄치즈샌드위치 | I46: =C46-D46-E46+F46-H46 -> 0
B47: 치킨샌드위치 | I47: =C47-D47-E47+F47-H47 -> 0
B48: 멜란자네 | I48: =C48-D48-E48+F48-H48 -> 0
B49: 수프+샌드위치
B50: 수프+빵
B51: 합 계 | C51: =SUM(C13:C50) -> 0 | D51: =SUM(D13:D46) -> 0 | E51: =SUM(E13:E46) -> 0 | F51: =SUM(F13:F46) -> 0 | H51: =SUM(H13:H46) -> 0 | I51: =SUM(I13:I46) -> 0
A52: 3. 예약 및 POS 외 매출 | D52: 선물 | E52: 쿠팡이츠 | F52: 배 민 | G52: 제로페이 | H52: 택배 | I52: 납품
C53: 매출건수(건)
C55: 매출액(원)
A57: 4. 서비스내역 및 손님 특이사항
A61: 5. 제품의견 / 손실
A65: 6. 매장 관리 | B65: 시설/장비 특이사항
B67: 청결/위생 관련업무
A70: 7. 지시 및 전달사항
A73: 8. 내일 준비사항
A75: 9. 직원 특이사항 | C75: 휴무 | D75: 휴가 | E75: 지각/조퇴 | F75: 지원 | G75: 생일 | H75: 신입 | I75: 기타사항
B76: 금일
B77: 내일
A78: 10. 시설 점검사항 | C78: 첫 출 근 자 | E78: 최 종 퇴 근 자 | G78: 위생/마감 점검 | I78: 최종 점검
H80: Paul & Paulina

Sheet 17일
A1: 일 일 업 무 보 고 서
A2: 일 시 | C2: 202 년 월 일 ( 요일) | E2: 확인 | F2: 작성자 | H2: 누계 매출액
A3: 지 점 명 | D3: 점 | H3: =G11+'16일'!H3:I3 -> 30349100
E5: 날씨 | F5: 외부온도 | G5: 내부온도 | H5: 외부습도 | I5: 내부습도
A9: 1. 금일 매출 실적 | B9: 실적 | C9: POS 매출 | E9: POS 외 매출 | G9: 총 매출 | I9: 객단가
C10: 매출액(원) | D10: 매출건수(건) | E10: 매출액(원) | F10: 매출건수(건) | G10: 총 매출액(원) | H10: 총 매출건수(건)
E11: =SUM(E55:I56) -> 0 | F11: =SUM(E53:I54) -> 0 | G11: =C11+E11 -> 0 | H11: =D11+F11 -> 0 | I11: =G11/H11 -> #DIV/0!
A12: 2. 제품 판매량 | B12: 제품명 | C12: 생산량(ea) | D12: 손실량(ea) | E12: 시식량(ea) | F12: 기타(ea) In (+) / Out (-) | H12: 재고량(ea) | I12: 판매량(ea)
B13: 바게트 | I13: =C13-D13-D14*1/2-E13-E14*1/2+F13-H13-H14*1/2-I14*1/2 -> 0
B14: 바게트(H)
B15: 화바게트 | I15: =C15-D15-D16*1/2-E15-E16*1/2+F15-H15-H16*1/2-I16*1/2 -> 0
B16: 화바게트(H)
B17: 깜파뉴 | I17: =C17-D17-D18*1/2-E17-E18*1/2+F17-H17-H18*1/2-I18*1/2 -> 0
B18: 깜파뉴(H)
B19: 식 빵 | I19: =C19-D19-D20*1/2-E19-E20*1/2+F19-H19-H20*1/2-I20*1/2 -> 0
B20: 식 빵(H)
B21: 블랙올리브 | I21: =C21-D21-E21+F21-H21 -> 0
B22: 허 브 | I22: =C22-D22-E22+F22-H22 -> 0
B23: 치아바타 | I23: =C23-D23-D24-E23-E24+F23+F24-H23-H24-I24 -> 0
B24: 화치아바타
B25: 크로아상 | I25: =C25-D25-E25+F25-H25 -> 0
B26: 뺑오쇼콜라 | I26: =C26-D26-E26+F26-H26 -> 0
B27: 플레인 스콘 | I27: =C27-D27-E27+F27-H27 -> 0
B28: 크랜베리 스콘 | I28: =C28-D28-E28+F28-H28 -> 0
B29: 브 레 첼 | I29: =C29-D29-E29+F29-H29 -> 0
B30: 스틱브레첼 | I30: =C30-D30-D31-E30-E31+F30+F31-H30-H31-I31 -> 0
B31: 버터브레첼
B32: 호라산 통밀
B33: 호밀비트
B34: 호밀후르츠
B35: 구름빵
B36: 무화과 호밀스틱 | I36: =C36-D36-E36+F36-H36 -> 0
B37: 봄날깜빠뉴 | I37: =C37-D37-D38*1/2-E37-E38*1/2+F37-H37-H38*1/2-I38*1/2 -> 0
B38: 봄날깜빠뉴(H)
B39: 여름메밀빵 | I39: =C39-D39-D40*1/2-E39-E40*1/2+F39-H39-H40*1/2-I40*1/2 -> 0
B40: 여름메밀빵(H)
B41: 가을애깜빠뉴 | I41: =C41-D41-D42*1/2-E41-E42*1/2+F41-H41-H42*1/2-I42*1/2 -> 0
B42: 가을애깜빠뉴(H)
B43: 슈톨렌
B44: 미니파네토네(여름)
B45: 파네토네
B46: 햄치즈샌드위치 | I46: =C46-D46-E46+F46-H46 -> 0
B47: 치킨샌드위치 | I47: =C47-D47-E47+F47-H47 -> 0
B48: 멜란자네 | I48: =C48-D48-E48+F48-H48 -> 0
B49: 수프+샌드위치
B50: 수프+빵
B51: 합 계 | C51: =SUM(C13:C50) -> 0 | D51: =SUM(D13:D46) -> 0 | E51: =SUM(E13:E46) -> 0 | F51: =SUM(F13:F46) -> 0 | H51: =SUM(H13:H46) -> 0 | I51: =SUM(I13:I46) -> 0
A52: 3. 예약 및 POS 외 매출 | D52: 선물 | E52: 쿠팡이츠 | F52: 배 민 | G52: 제로페이 | H52: 택배 | I52: 납품
C53: 매출건수(건)
C55: 매출액(원)
A57: 4. 서비스내역 및 손님 특이사항
A61: 5. 제품의견 / 손실
A65: 6. 매장 관리 | B65: 시설/장비 특이사항
B67: 청결/위생 관련업무
A70: 7. 지시 및 전달사항
A73: 8. 내일 준비사항
A75: 9. 직원 특이사항 | C75: 휴무 | D75: 휴가 | E75: 지각/조퇴 | F75: 지원 | G75: 생일 | H75: 신입 | I75: 기타사항
B76: 금일
B77: 내일
A78: 10. 시설 점검사항 | C78: 첫 출 근 자 | E78: 최 종 퇴 근 자 | G78: 위생/마감 점검 | I78: 최종 점검
H80: Paul & Paulina

Sheet 18일
A1: 일 일 업 무 보 고 서
A2: 일 시 | C2: 2026 년 2월 18 일 ( 수요일) | E2: 확인 | F2: 작성자 | H2: 누계 매출액
A3: 지 점 명 | C3: 여의도 | D3: 점 | F3: 김세은 | H3: =G11+'17일'!H3:I3 -> 32032900
E5: 날씨 | F5: 외부온도 | G5: 내부온도 | H5: 외부습도 | I5: 내부습도
E6: 맑음 | F6: 5 | G6: 23 | H6: 0.34 | I6: 0.25
A9: 1. 금일 매출 실적 | B9: 실적 | C9: POS 매출 | E9: POS 외 매출 | G9: 총 매출 | I9: 객단가
C10: 매출액(원) | D10: 매출건수(건) | E10: 매출액(원) | F10: 매출건수(건) | G10: 총 매출액(원) | H10: 총 매출건수(건)
C11: 1269100 | D11: 83 | E11: =SUM(E55:I56) -> 414700 | F11: =SUM(E53:I54) -> 19 | G11: =C11+E11 -> 1683800 | H11: =D11+F11 -> 102 | I11: =G11/H11 -> 16507.843
A12: 2. 제품 판매량 | B12: 제품명 | C12: 생산량(ea) | D12: 손실량(ea) | E12: 시식량(ea) | F12: 기타(ea) In (+) / Out (-) | H12: 재고량(ea) | I12: 판매량(ea)
B13: 바게트 | C13: 19 | E13: 1 | I13: =C13-D13-D14*1/2-E13-E14*1/2+F13-H13-H14*1/2-I14*1/2 -> 18
B14: 바게트(H)
B15: 화바게트 | C15: 16 | I15: =C15-D15-D16*1/2-E15-E16*1/2+F15-H15-H16*1/2-I16*1/2 -> 16
B16: 화바게트(H)
B17: 깜파뉴 | C17: 18 | I17: =C17-D17-D18*1/2-E17-E18*1/2+F17-H17-H18*1/2-I18*1/2 -> 17.5
B18: 깜파뉴(H) | D18: 1
B19: 식 빵 | C19: 16 | H19: 1 | I19: =C19-D19-D20*1/2-E19-E20*1/2+F19-H19-H20*1/2-I20*1/2 -> 14.5
B20: 식 빵(H) | E20: 1
B21: 블랙올리브 | C21: 90 | E21: 3 | H21: 8 | I21: =C21-D21-E21+F21-H21 -> 79
B22: 허 브 | C22: 56 | D22: 3 | E22: 8 | H22: 10 | I22: =C22-D22-E22+F22-H22 -> 35
B23: 치아바타 | C23: 177 | D23: 1 | E23: 4 | H23: 8 | I23: =C23-D23-D24-E23-E24+F23+F24-H23-H24-I24 -> 154
B24: 화치아바타 | D24: 1 | E24: 2 | H24: 7
B25: 크로아상 | C25: 36 | D25: 1 | E25: 2 | H25: 3 | I25: =C25-D25-E25+F25-H25 -> 30
B26: 뺑오쇼콜라 | C26: 43 | D26: 1 | H26: 2 | I26: =C26-D26-E26+F26-H26 -> 40
B27: 플레인 스콘 | C27: 33 | H27: 5 | I27: =C27-D27-E27+F27-H27 -> 28
B28: 크랜베리 스콘 | C28: 43 | H28: 2 | I28: =C28-D28-E28+F28-H28 -> 41
B29: 브 레 첼 | C29: 10 | I29: =C29-D29-E29+F29-H29 -> 10
B30: 스틱브레첼 | C30: 89 | H30: 1 | I30: =C30-D30-D31-E30-E31+F30+F31-H30-H31-I31 -> 88
B31: 버터브레첼
B32: 호라산 통밀
B33: 호밀비트
B34: 호밀후르츠 | I34: 2
B35: 구름빵 | I35: 11
B36: 무화과 호밀스틱 | C36: 19 | I36: =C36-D36-E36+F36-H36 -> 19
B37: 봄날깜빠뉴 | I37: =C37-D37-D38*1/2-E37-E38*1/2+F37-H37-H38*1/2-I38*1/2 -> 0
B38: 봄날깜빠뉴(H)
B39: 여름메밀빵 | I39: =C39-D39-D40*1/2-E39-E40*1/2+F39-H39-H40*1/2-I40*1/2 -> 0
B40: 여름메밀빵(H)
B41: 가을애깜빠뉴 | I41: =C41-D41-D42*1/2-E41-E42*1/2+F41-H41-H42*1/2-I42*1/2 -> 0
B42: 가을애깜빠뉴(H)
B43: 슈톨렌
B44: 미니파네토네(여름)
B45: 파네토네
B46: 햄치즈샌드위치 | C46: 10 | I46: =C46-D46-E46+F46-H46 -> 10
B47: 치킨샌드위치 | I47: =C47-D47-E47+F47-H47 -> 0
B48: 멜란자네 | I48: =C48-D48-E48+F48-H48 -> 0
B49: 수프+샌드위치
B50: 수프+빵
B51: 합 계 | C51: =SUM(C13:C50) -> 675 | D51: =SUM(D13:D46) -> 8 | E51: =SUM(E13:E46) -> 21 | F51: =SUM(F13:F46) -> 0 | H51: =SUM(H13:H46) -> 47 | I51: =SUM(I13:I46) -> 613
A52: 3. 예약 및 POS 외 매출 | D52: 선물 | E52: 쿠팡이츠 | F52: 배 민 | G52: 제로페이 | H52: 택배 | I52: 납품
C53: 매출건수(건) | E53: 11 | F53: 1 | G53: 6 | I53: 1
C55: 매출액(원) | E55: 217200 | F55: 19000 | G55: 68500 | I55: 110000
A57: 4. 서비스내역 및 손님 특이사항
A61: 5. 제품의견 / 손실 | C61: 오픈(정희주) : 당일 바게트 단맛이 조금 부족하고 고소한맛은 잘 느껴졌습니다.
C62: 오픈(김도현) : 스콘 식감이 퍼석하고 마르는 느낌이 강했습니다.(믹싱이 많아보였습니다.)
C63: 마감(김세은) : 치아바타 오일 풍미가 잘 느껴지고 고소했습니다.
A65: 6. 매장 관리 | B65: 시설/장비 특이사항 | C65: 반죽 옆 도우컨 윗칸 냉이 안 떨어집니다. (유일 사장님 전화드릴 예정)
B67: 청결/위생 관련업무
A70: 7. 지시 및 전달사항 | C70: 이태리재 20개 납품 했습니다.
A73: 8. 내일 준비사항 | C73: 파브리키친 납품 있습니다.
A75: 9. 직원 특이사항 | C75: 휴무 | D75: 휴가 | E75: 지각/조퇴 | F75: 지원 | G75: 생일 | H75: 신입 | I75: 기타사항
B76: 금일 | C76: 준모,윤경,윤희
B77: 내일 | C77: 윤희
A78: 10. 시설 점검사항 | C78: 첫 출 근 자 | E78: 최 종 퇴 근 자 | G78: 위생/마감 점검 | I78: 최종 점검
C79: 0.25 | D79: 도현,희주 | E79: 0.8125 | F79: 현진 | G79: 세은,노윤 | I79: 세은,노윤
H80: Paul & Paulina

Sheet 19일
A1: 일 일 업 무 보 고 서
A2: 일 시 | C2: 2026년 2월 19일 ( 목요일) | E2: 확인 | F2: 작성자 | H2: 누계 매출액
A3: 지 점 명 | C3: 여의도 | D3: 점 | F3: 유준모 | H3: =G11+'18일'!H3:I3 -> 34858700
E5: 날씨 | F5: 외부온도 | G5: 내부온도 | H5: 외부습도 | I5: 내부습도
E6: 맑음 | F6: 6 | G6: 25 | H6: 0.34 | I6: 0.25
A9: 1. 금일 매출 실적 | B9: 실적 | C9: POS 매출 | E9: POS 외 매출 | G9: 총 매출 | I9: 객단가
C10: 매출액(원) | D10: 매출건수(건) | E10: 매출액(원) | F10: 매출건수(건) | G10: 총 매출액(원) | H10: 총 매출건수(건)
C11: 2186300 | D11: 153 | E11: =SUM(E55:I56) -> 639500 | F11: =SUM(E53:I54) -> 14 | G11: =C11+E11 -> 2825800 | H11: =D11+F11 -> 167 | I11: =G11/H11 -> 16920.958
A12: 2. 제품 판매량 | B12: 제품명 | C12: 생산량(ea) | D12: 손실량(ea) | E12: 시식량(ea) | F12: 기타(ea) In (+) / Out (-) | H12: 재고량(ea) | I12: 판매량(ea)
B13: 바게트 | C13: 40 | I13: =C13-D13-D14*1/2-E13-E14*1/2+F13-H13-H14*1/2-I14*1/2 -> 39.5
B14: 바게트(H) | D14: 1
B15: 화바게트 | C15: 37 | I15: =C15-D15-D16*1/2-E15-E16*1/2+F15-H15-H16*1/2-I16*1/2 -> 37
B16: 화바게트(H)
B17: 깜파뉴 | C17: 76 | D17: 1 | I17: =C17-D17-D18*1/2-E17-E18*1/2+F17-H17-H18*1/2-I18*1/2 -> 74
B18: 깜파뉴(H) | D18: 2
B19: 식 빵 | C19: 16 | I19: =C19-D19-D20*1/2-E19-E20*1/2+F19-H19-H20*1/2-I20*1/2 -> 16
B20: 식 빵(H)
B21: 블랙올리브 | C21: 89 | E21: 1 | I21: =C21-D21-E21+F21-H21 -> 88
B22: 허 브 | C22: 49 | I22: =C22-D22-E22+F22-H22 -> 49
B23: 치아바타 | C23: 190 | D23: 1 | I23: =C23-D23-D24-E23-E24+F23+F24-H23-H24-I24 -> 189
B24: 화치아바타
B25: 크로아상 | C25: 36 | I25: =C25-D25-E25+F25-H25 -> 36
B26: 뺑오쇼콜라 | C26: 43 | I26: =C26-D26-E26+F26-H26 -> 43
B27: 플레인 스콘 | C27: 33 | I27: =C27-D27-E27+F27-H27 -> 33
B28: 크랜베리 스콘 | C28: 33 | I28: =C28-D28-E28+F28-H28 -> 33
B29: 브 레 첼 | C29: 10 | I29: =C29-D29-E29+F29-H29 -> 10
B30: 스틱브레첼 | C30: 119 | D30: 3 | I30: =C30-D30-D31-E30-E31+F30+F31-H30-H31-I31 -> 116
B31: 버터브레첼
B32: 호라산 통밀
B33: 호밀비트
B34: 호밀후르츠 | I34: 2
B35: 구름빵 | E35: 2 | I35: 39
B36: 무화과 호밀스틱 | C36: 20 | I36: =C36-D36-E36+F36-H36 -> 20
B37: 봄날깜빠뉴 | I37: =C37-D37-D38*1/2-E37-E38*1/2+F37-H37-H38*1/2-I38*1/2 -> 0
B38: 봄날깜빠뉴(H)
B39: 여름메밀빵 | I39: =C39-D39-D40*1/2-E39-E40*1/2+F39-H39-H40*1/2-I40*1/2 -> 0
B40: 여름메밀빵(H)
B41: 가을애깜빠뉴 | I41: =C41-D41-D42*1/2-E41-E42*1/2+F41-H41-H42*1/2-I42*1/2 -> 0
B42: 가을애깜빠뉴(H)
B43: 슈톨렌
B44: 미니파네토네(여름)
B45: 파네토네
B46: 햄치즈샌드위치 | C46: 12 | I46: =C46-D46-E46+F46-H46 -> 12
B47: 치킨샌드위치 | C47: 22 | I47: =C47-D47-E47+F47-H47 -> 22
B48: 멜란자네 | I48: =C48-D48-E48+F48-H48 -> 0
B49: 수프+샌드위치 | I49: 2
B50: 수프+빵 | I50: 1
B51: 합 계 | C51: =SUM(C13:C50) -> 825 | D51: =SUM(D13:D46) -> 8 | E51: =SUM(E13:E46) -> 3 | F51: =SUM(F13:F46) -> 0 | H51: =SUM(H13:H46) -> 0 | I51: =SUM(I13:I46) -> 836.5
A52: 3. 예약 및 POS 외 매출 | D52: 선물 | E52: 쿠팡이츠 | F52: 배 민 | G52: 제로페이 | H52: 택배 | I52: 납품
C53: 매출건수(건) | D53: 1 | E53: 1 | F53: 2 | G53: 9 | I53: 2
C55: 매출액(원) | D55: 36900 | E55: 36600 | F55: 39100 | G55: 94800 | I55: 469000
A57: 4. 서비스내역 및 손님 특이사항 | C57: 버터브레첼이 금일 40개 예약이 있어서 일찍 품절되었습니다.
C58: 보내주신 호밀빵 5개가 전부 판매되었습니다. 진열하자마자 구매 반응이 있었습니다.
C59: 금일 큰빵, 작은빵이 골고루 판매되었고, 전품목 품절되었습니다.
C60: 시식으로 바게트를 맛 보신 후 바게트 하프에서 홀사이즈로 구매하신 손님이 계셨습니다.
A61: 5. 제품의견 / 손실 | C61: 오픈(정희주) : 냉장 치아바타가 힘이 강했습니다. 스콘 물량 전날과 동일하게 287로 진행했고 맛,식감 괜찮았습니다.
C62: 오픈(유준모) : 식빵 발효 앞 뒤 차이가 컸습니다. / 냉장 깜빠뉴들 껍질이 두꺼웠습니다.
C63: 마감(김세은) : 치아바타 분할 할때 힘이 강해서 발효 충분히 보고 구웠습니다.
A65: 6. 매장 관리 | B65: 시설/장비 특이사항 | C65: 도우컨 수리로 유일 사장님께 연락드렸습니다.
B67: 청결/위생 관련업무
A70: 7. 지시 및 전달사항 | C70: 금일 심팩홀딩스, 파브리 납품 있었습니다.
C71: 무화과 잘랐습니다.
C72: 연희점->여희도 호밀빵 5개 이관 하였습니다.
A73: 8. 내일 준비사항
A75: 9. 직원 특이사항 | C75: 휴무 | D75: 휴가 | E75: 지각/조퇴 | F75: 지원 | G75: 생일 | H75: 신입 | I75: 기타사항
B76: 금일 | C76: 윤희
B77: 내일 | C77: 지림
A78: 10. 시설 점검사항 | C78: 첫 출 근 자 | E78: 최 종 퇴 근 자 | G78: 위생/마감 점검 | I78: 최종 점검
C79: 0.25 | D79: 희주, 준모 | E79: 0.8125 | F79: 현진, 윤경 | G79: 세은 | I79: 세은
H80: Paul & Paulina

Sheet 20일
A1: 일 일 업 무 보 고 서
A2: 일 시 | C2: 2026 년 2월 20일 ( 금요일) | E2: 확인 | F2: 작성자 | H2: 누계 매출액
A3: 지 점 명 | C3: 여의도 | D3: 점 | F3: 정희주 | H3: =G11+'19일'!H3:I3 -> 37167200
E5: 날씨 | F5: 외부온도 | G5: 내부온도 | H5: 외부습도 | I5: 내부습도
E6: 맑음 | F6: 12 | G6: 24 | H6: 0.48 | I6: 0.26
A9: 1. 금일 매출 실적 | B9: 실적 | C9: POS 매출 | E9: POS 외 매출 | G9: 총 매출 | I9: 객단가
C10: 매출액(원) | D10: 매출건수(건) | E10: 매출액(원) | F10: 매출건수(건) | G10: 총 매출액(원) | H10: 총 매출건수(건)
C11: 2137300 | D11: 184 | E11: =SUM(E55:I56) -> 171200 | F11: =SUM(E53:I54) -> 10 | G11: =C11+E11 -> 2308500 | H11: =D11+F11 -> 194 | I11: =G11/H11 -> 11899.485
A12: 2. 제품 판매량 | B12: 제품명 | C12: 생산량(ea) | D12: 손실량(ea) | E12: 시식량(ea) | F12: 기타(ea) In (+) / Out (-) | H12: 재고량(ea) | I12: 판매량(ea)
B13: 바게트 | C13: 50 | I13: =C13-D13-D14*1/2-E13-E14*1/2+F13-H13-H14*1/2-I14*1/2 -> 50
B14: 바게트(H)
B15: 화바게트 | C15: 26 | I15: =C15-D15-D16*1/2-E15-E16*1/2+F15-H15-H16*1/2-I16*1/2 -> 26
B16: 화바게트(H)
B17: 깜파뉴 | C17: 20 | I17: =C17-D17-D18*1/2-E17-E18*1/2+F17-H17-H18*1/2-I18*1/2 -> 19.5
B18: 깜파뉴(H) | E18: 1
B19: 식 빵 | C19: 16 | I19: =C19-D19-D20*1/2-E19-E20*1/2+F19-H19-H20*1/2-I20*1/2 -> 16
B20: 식 빵(H)
B21: 블랙올리브 | C21: 82 | I21: =C21-D21-E21+F21-H21 -> 82
B22: 허 브 | C22: 37 | D22: 1 | E22: 1 | H22: 6 | I22: =C22-D22-E22+F22-H22 -> 29
B23: 치아바타 | C23: 81 | D23: 2 | E23: 1 | I23: =C23-D23-D24-E23-E24+F23+F24-H23-H24-I24 -> 76
B24: 화치아바타 | E24: 2
B25: 크로아상 | C25: 36 | H25: 2 | I25: =C25-D25-E25+F25-H25 -> 34
B26: 뺑오쇼콜라 | C26: 43 | I26: =C26-D26-E26+F26-H26 -> 43
B27: 플레인 스콘 | C27: 29 | D27: 2 | I27: =C27-D27-E27+F27-H27 -> 27
B28: 크랜베리 스콘 | C28: 44 | D28: 1 | I28: =C28-D28-E28+F28-H28 -> 43
B29: 브 레 첼 | C29: 10 | D29: 1 | I29: =C29-D29-E29+F29-H29 -> 9
B30: 스틱브레첼 | C30: 107 | D30: 1 | E30: 4 | I30: =C30-D30-D31-E30-E31+F30+F31-H30-H31-I31 -> 102
B31: 버터브레첼
B32: 호라산 통밀
B33: 호밀비트
B34: 호밀후르츠 | I34: 2
B35: 구름빵 | C35: 32 | I35: 24
B36: 무화과 호밀스틱 | C36: 20 | D36: 1 | I36: =C36-D36-E36+F36-H36 -> 19
B37: 봄날깜빠뉴 | I37: =C37-D37-D38*1/2-E37-E38*1/2+F37-H37-H38*1/2-I38*1/2 -> 0
B38: 봄날깜빠뉴(H)
B39: 여름메밀빵 | I39: =C39-D39-D40*1/2-E39-E40*1/2+F39-H39-H40*1/2-I40*1/2 -> 0
B40: 여름메밀빵(H)
B41: 가을애깜빠뉴 | I41: =C41-D41-D42*1/2-E41-E42*1/2+F41-H41-H42*1/2-I42*1/2 -> 0
B42: 가을애깜빠뉴(H)
B43: 슈톨렌
B44: 미니파네토네(여름)
B45: 파네토네
B46: 햄치즈샌드위치 | C46: 12 | I46: =C46-D46-E46+F46-H46 -> 12
B47: 치킨샌드위치 | I47: =C47-D47-E47+F47-H47 -> 0
B48: 멜란자네 | I48: =C48-D48-E48+F48-H48 -> 0
B49: 수프+샌드위치 | I49: 1
B50: 수프+빵 | I50: 2
B51: 합 계 | C51: =SUM(C13:C50) -> 645 | D51: =SUM(D13:D46) -> 9 | E51: =SUM(E13:E46) -> 9 | F51: =SUM(F13:F46) -> 0 | H51: =SUM(H13:H46) -> 8 | I51: =SUM(I13:I46) -> 613.5
A52: 3. 예약 및 POS 외 매출 | D52: 선물 | E52: 쿠팡이츠 | F52: 배 민 | G52: 제로페이 | H52: 택배 | I52: 납품
C53: 매출건수(건) | D53: 4 | E53: 1 | G53: 8 | I53: 1
C55: 매출액(원) | D55: 77300 | E55: 24700 | G55: 107900 | I55: 38600
A57: 4. 서비스내역 및 손님 특이사항 | C57: 무화과호밀스틱과 스콘이 조기 품절되어 찾으시는 손님이 많았습니다.
C58: 깜빠뉴 품절 이후에 찾으시는 손님이 많았습니다. 호밀빵 시식한 분들은 전부 호밀빵 구매로 이어졌습니다.
C59: 사워도우 빵이 있는지 여쭤보시는 손님이 두분 계셨습니다.
C60: 샌드위치가 조기 품절되었고,한 손님께서 품절시간대를 궁금해하셨습니다
A61: 5. 제품의견 / 손실 | C61: 오픈(정희주) : 치아바타 힘이 강했습니다. 올리브오일 맛은 잘 느껴졌습니다.
C62: 오픈(유준모) : 스콘 반죽 물량 조금 많았습니다. 현재 287
C63: 미들(김윤희) : 크로와상 몇 개가 성형 모양이 안 좋았습니다. 꼬리가 돌아가서 꼬리 부분이 약간 탔습니다.
C64: 마감(김세은) : 블랙올리브 짠맛 느껴지지 않고 식감 목넘김 좋았습니다.
A65: 6. 매장 관리 | B65: 시설/장비 특이사항
B67: 청결/위생 관련업무 | C67: 신발장 청소 했습니다.
A70: 7. 지시 및 전달사항 | C70: 금일 심팩홀딩스 납품 있었습니다.
C71: 투스타 택배 배송 왔습니다.
C72: 크랜베리 담궜습니다.
A73: 8. 내일 준비사항 | C73: 이태리재 납품 있습니다.
A75: 9. 직원 특이사항 | C75: 휴무 | D75: 휴가 | E75: 지각/조퇴 | F75: 지원 | G75: 생일 | H75: 신입 | I75: 기타사항
B76: 금일 | C76: 도현
B77: 내일 | C77: 희주,도현
A78: 10. 시설 점검사항 | C78: 첫 출 근 자 | E78: 최 종 퇴 근 자 | G78: 위생/마감 점검 | I78: 최종 점검
C79: 0.25 | D79: 도현,희주 | E79: 0.8125 | F79: 현진,윤경 | G79: 세은 | I79: 세은
H80: Paul & Paulina

Sheet 21일
A1: 일 일 업 무 보 고 서
A2: 일 시 | C2: 2026년 2월 21일 (토요일) | E2: 확인 | F2: 작성자 | H2: 누계 매출액
A3: 지 점 명 | C3: 여의도 | D3: 점 | F3: 김윤희 | H3: =G11+'20일'!H3:I3 -> 39566700
E5: 날씨 | F5: 외부온도 | G5: 내부온도 | H5: 외부습도 | I5: 내부습도
E6: 맑음 | F6: 17 | G6: 26 | H6: 0.29 | I6: 0.26
A9: 1. 금일 매출 실적 | B9: 실적 | C9: POS 매출 | E9: POS 외 매출 | G9: 총 매출 | I9: 객단가
C10: 매출액(원) | D10: 매출건수(건) | E10: 매출액(원) | F10: 매출건수(건) | G10: 총 매출액(원) | H10: 총 매출건수(건)
C11: 2016400 | D11: 158 | E11: =SUM(E55:I56) -> 383100 | F11: =SUM(E53:I54) -> 13 | G11: =C11+E11 -> 2399500 | H11: =D11+F11 -> 171 | I11: =G11/H11 -> 14032.164
A12: 2. 제품 판매량 | B12: 제품명 | C12: 생산량(ea) | D12: 손실량(ea) | E12: 시식량(ea) | F12: 기타(ea) In (+) / Out (-) | H12: 재고량(ea) | I12: 판매량(ea)
B13: 바게트 | C13: 53 | I13: =C13-D13-D14*1/2-E13-E14*1/2+F13-H13-H14*1/2-I14*1/2 -> 53
B14: 바게트(H)
B15: 화바게트 | C15: 23 | I15: =C15-D15-D16*1/2-E15-E16*1/2+F15-H15-H16*1/2-I16*1/2 -> 23
B16: 화바게트(H)
B17: 깜파뉴 | C17: 39 | I17: =C17-D17-D18*1/2-E17-E18*1/2+F17-H17-H18*1/2-I18*1/2 -> 39
B18: 깜파뉴(H)
B19: 식 빵 | C19: 16 | I19: =C19-D19-D20*1/2-E19-E20*1/2+F19-H19-H20*1/2-I20*1/2 -> 16
B20: 식 빵(H)
B21: 블랙올리브 | C21: 102 | I21: =C21-D21-E21+F21-H21 -> 102
B22: 허 브 | C22: 60 | I22: =C22-D22-E22+F22-H22 -> 60
B23: 치아바타 | C23: 219 | D23: 1 | E23: 1 | I23: =C23-D23-D24-E23-E24+F23+F24-H23-H24-I24 -> 214
B24: 화치아바타 | E24: 3
B25: 크로아상 | C25: 48 | I25: =C25-D25-E25+F25-H25 -> 48
B26: 뺑오쇼콜라 | C26: 43 | I26: =C26-D26-E26+F26-H26 -> 43
B27: 플레인 스콘 | C27: 32 | D27: 1 | I27: =C27-D27-E27+F27-H27 -> 31
B28: 크랜베리 스콘 | C28: 40 | D28: 1 | I28: =C28-D28-E28+F28-H28 -> 39
B29: 브 레 첼 | C29: 10 | I29: =C29-D29-E29+F29-H29 -> 10
B30: 스틱브레첼 | C30: 80 | I30: =C30-D30-D31-E30-E31+F30+F31-H30-H31-I31 -> 80
B31: 버터브레첼
B32: 호라산 통밀
B33: 호밀비트
B34: 호밀후르츠 | I34: 2
B35: 구름빵 | E35: 1 | I35: 36
B36: 무화과 호밀스틱 | C36: 20 | I36: =C36-D36-E36+F36-H36 -> 20
B37: 봄날깜빠뉴 | I37: =C37-D37-D38*1/2-E37-E38*1/2+F37-H37-H38*1/2-I38*1/2 -> 0
B38: 봄날깜빠뉴(H)
B39: 여름메밀빵 | I39: =C39-D39-D40*1/2-E39-E40*1/2+F39-H39-H40*1/2-I40*1/2 -> 0
B40: 여름메밀빵(H)
B41: 가을애깜빠뉴 | I41: =C41-D41-D42*1/2-E41-E42*1/2+F41-H41-H42*1/2-I42*1/2 -> 0
B42: 가을애깜빠뉴(H)
B43: 슈톨렌
B44: 미니파네토네(여름)
B45: 파네토네
B46: 햄치즈샌드위치 | C46: 10 | I46: =C46-D46-E46+F46-H46 -> 10
B47: 치킨샌드위치 | I47: =C47-D47-E47+F47-H47 -> 0
B48: 멜란자네 | I48: =C48-D48-E48+F48-H48 -> 0
B49: 수프+샌드위치
B50: 수프+빵 | I50: 2
B51: 합 계 | C51: =SUM(C13:C50) -> 795 | D51: =SUM(D13:D46) -> 3 | E51: =SUM(E13:E46) -> 5 | F51: =SUM(F13:F46) -> 0 | H51: =SUM(H13:H46) -> 0 | I51: =SUM(I13:I46) -> 826
A52: 3. 예약 및 POS 외 매출 | D52: 선물 | E52: 쿠팡이츠 | F52: 배 민 | G52: 제로페이 | H52: 택배 | I52: 납품
C53: 매출건수(건) | E53: 1 | F53: 3 | G53: 8 | I53: 1
C55: 매출액(원) | E55: 31400 | F55: 66200 | G55: 148000 | I55: 137500
A57: 4. 서비스내역 및 손님 특이사항 | C57: 12시부터 2시사이에 많은 손님이 방문하여 구매해가셨습니다.
C58: 무화과호밀스틱이 조기품절되어 이후에 찾으시는 손님 계셨습니다.
C59: 바게트와 식빵은 품절 이후에 찾으시는 손님이 많았습니다.
C60: 토마토수프의 시식 후 맛있다는 반응 많았습니다.
A61: 5. 제품의견 / 손실 | C61: 윤희(오픈) : 크로와상,뺑오 볼륨감과 결이 좋았습니다. / 치아바타 오일의 풍미 좋았습니다.
C62: 준모(오픈) : 냉장 화이트바게트 발효 많았습니다. 날씨 따뜻해서 발효가 전체적으로 빨라졌습니다.
C63: 세은(마감) : 오늘 크랜베리스콘 반죽 칠 때 조정수가 살짝 많이들어가서 질었습니다.
A65: 6. 매장 관리 | B65: 시설/장비 특이사항
B67: 청결/위생 관련업무 | C67: 미베 오븐 청소 하였습니다.
C68: 브레첼 철판 닦았습니다.
A70: 7. 지시 및 전달사항 | C70: 이태리제 바게트 25개 납품완료하였습니다.
C71: 크랜베리 소분 하였습니다.
A73: 8. 내일 준비사항
A75: 9. 직원 특이사항 | C75: 휴무 | D75: 휴가 | E75: 지각/조퇴 | F75: 지원 | G75: 생일 | H75: 신입 | I75: 기타사항
B76: 금일 | C76: 도현,희주
B77: 내일 | C77: 윤경,세은,현진
A78: 10. 시설 점검사항 | C78: 첫 출 근 자 | E78: 최 종 퇴 근 자 | G78: 위생/마감 점검 | I78: 최종 점검
C79: 0.25 | D79: 준모,윤희 | E79: 0.77083333 | F79: 현진,윤경 | G79: 세은 | I79: 세은
H80: Paul & Paulina

Sheet 22일
A1: 일 일 업 무 보 고 서
A2: 일 시 | C2: 2026 년 2월 22일 ( 일요일) | E2: 확인 | F2: 작성자 | H2: 누계 매출액
A3: 지 점 명 | C3: 여의도 | D3: 점 | F3: 정희주 | H3: =G11+'21일'!H3:I3 -> 40942100
E5: 날씨 | F5: 외부온도 | G5: 내부온도 | H5: 외부습도 | I5: 내부습도
E6: 흐림 | F6: 9 | G6: 25 | H6: 0.39 | I6: 0.27
A9: 1. 금일 매출 실적 | B9: 실적 | C9: POS 매출 | E9: POS 외 매출 | G9: 총 매출 | I9: 객단가
C10: 매출액(원) | D10: 매출건수(건) | E10: 매출액(원) | F10: 매출건수(건) | G10: 총 매출액(원) | H10: 총 매출건수(건)
C11: 1125700 | D11: 79 | E11: =SUM(E55:I56) -> 249700 | F11: =SUM(E53:I54) -> 11 | G11: =C11+E11 -> 1375400 | H11: =D11+F11 -> 90 | I11: =G11/H11 -> 15282.222
A12: 2. 제품 판매량 | B12: 제품명 | C12: 생산량(ea) | D12: 손실량(ea) | E12: 시식량(ea) | F12: 기타(ea) In (+) / Out (-) | H12: 재고량(ea) | I12: 판매량(ea)
B13: 바게트 | C13: 39 | I13: =C13-D13-D14*1/2-E13-E14*1/2+F13-H13-H14*1/2-I14*1/2 -> 39
B14: 바게트(H)
B15: 화바게트 | C15: 23 | I15: =C15-D15-D16*1/2-E15-E16*1/2+F15-H15-H16*1/2-I16*1/2 -> 23
B16: 화바게트(H)
B17: 깜파뉴 | C17: 28 | H17: 2 | I17: =C17-D17-D18*1/2-E17-E18*1/2+F17-H17-H18*1/2-I18*1/2 -> 26
B18: 깜파뉴(H)
B19: 식 빵 | C19: 12 | I19: =C19-D19-D20*1/2-E19-E20*1/2+F19-H19-H20*1/2-I20*1/2 -> 12
B20: 식 빵(H)
B21: 블랙올리브 | C21: 82 | I21: =C21-D21-E21+F21-H21 -> 82
B22: 허 브 | C22: 47 | H22: 14 | I22: =C22-D22-E22+F22-H22 -> 33
B23: 치아바타 | C23: 171 | I23: =C23-D23-D24-E23-E24+F23+F24-H23-H24-I24 -> 171
B24: 화치아바타
B25: 크로아상 | C25: 36 | H25: 2 | I25: =C25-D25-E25+F25-H25 -> 34
B26: 뺑오쇼콜라 | C26: 30 | I26: =C26-D26-E26+F26-H26 -> 30
B27: 플레인 스콘 | C27: 33 | I27: =C27-D27-E27+F27-H27 -> 33
B28: 크랜베리 스콘 | C28: 45 | H28: 16 | I28: =C28-D28-E28+F28-H28 -> 29
B29: 브 레 첼 | C29: 10 | I29: =C29-D29-E29+F29-H29 -> 10
B30: 스틱브레첼 | C30: 108 | I30: =C30-D30-D31-E30-E31+F30+F31-H30-H31-I31 -> 108
B31: 버터브레첼
B32: 호라산 통밀
B33: 호밀비트
B34: 호밀후르츠
B35: 구름빵
B36: 무화과 호밀스틱 | C36: 20 | I36: =C36-D36-E36+F36-H36 -> 20
B37: 봄날깜빠뉴 | I37: =C37-D37-D38*1/2-E37-E38*1/2+F37-H37-H38*1/2-I38*1/2 -> 0
B38: 봄날깜빠뉴(H)
B39: 여름메밀빵 | I39: =C39-D39-D40*1/2-E39-E40*1/2+F39-H39-H40*1/2-I40*1/2 -> 0
B40: 여름메밀빵(H)
B41: 가을애깜빠뉴 | I41: =C41-D41-D42*1/2-E41-E42*1/2+F41-H41-H42*1/2-I42*1/2 -> 0
B42: 가을애깜빠뉴(H)
B43: 슈톨렌
B44: 미니파네토네(여름)
B45: 파네토네
B46: 햄치즈샌드위치 | C46: 7 | I46: =C46-D46-E46+F46-H46 -> 7
B47: 치킨샌드위치 | I47: =C47-D47-E47+F47-H47 -> 0
B48: 멜란자네 | I48: =C48-D48-E48+F48-H48 -> 0
B49: 수프+샌드위치
B50: 수프+빵
B51: 합 계 | C51: =SUM(C13:C50) -> 691 | D51: =SUM(D13:D46) -> 0 | E51: =SUM(E13:E46) -> 0 | F51: =SUM(F13:F46) -> 0 | H51: =SUM(H13:H46) -> 34 | I51: =SUM(I13:I46) -> 657
A52: 3. 예약 및 POS 외 매출 | D52: 선물 | E52: 쿠팡이츠 | F52: 배 민 | G52: 제로페이 | H52: 택배 | I52: 납품
C53: 매출건수(건) | E53: 5 | F53: 6
C55: 매출액(원) | E55: 113200 | F55: 136500
A57: 4. 서비스내역 및 손님 특이사항
A61: 5. 제품의견 / 손실 | C61: 오픈(김도현) : 금일 브레첼 성형 할때 반죽에 탄력이 부족하고 물을 뿜어내는 느낌이 강했습니다.
C62: 오픈(정희주) : 크로와상 모양은 괜찮았지만 버터 풍미가 약했습니다.
C63: 미들(김윤희) : 당일바게트 껍질이 약간 두껍고, 단맛이 덜했으나, 버터의 풍미는 좋았습니다.
A65: 6. 매장 관리 | B65: 시설/장비 특이사항
B67: 청결/위생 관련업무 | C67: 노란박스 청소 완료하였습니다.
C68: 스크래퍼 등등 기물 청소 완료하였습니다.
A70: 7. 지시 및 전달사항 | C70: 호두 구웠습니다.
A73: 8. 내일 준비사항 | C73: 심팩홀딩스 납품 있습니다.
A75: 9. 직원 특이사항 | C75: 휴무 | D75: 휴가 | E75: 지각/조퇴 | F75: 지원 | G75: 생일 | H75: 신입 | I75: 기타사항
B76: 금일 | C76: 윤경,세은,현진
B77: 내일 | C77: 윤희,준모,현진,노윤
A78: 10. 시설 점검사항 | C78: 첫 출 근 자 | E78: 최 종 퇴 근 자 | G78: 위생/마감 점검 | I78: 최종 점검
C79: 0.25 | D79: 도현,희주 | E79: 0.77083333 | F79: 준모 | G79: 윤희 | I79: 윤희
H80: Paul & Paulina

Sheet 23일
A1: 일 일 업 무 보 고 서
A2: 일 시 | C2: 2026 년 2월 23일 ( 월요일) | E2: 확인 | F2: 작성자 | H2: 누계 매출액
A3: 지 점 명 | C3: 여의도 | D3: 점 | F3: 정희주 | H3: =G11+'22일'!H3:I3 -> 43075100
E5: 날씨 | F5: 외부온도 | G5: 내부온도 | H5: 외부습도 | I5: 내부습도
E6: 흐림 | F6: 5 | G6: 23 | H6: 0.24 | I6: 0.25
A9: 1. 금일 매출 실적 | B9: 실적 | C9: POS 매출 | E9: POS 외 매출 | G9: 총 매출 | I9: 객단가
C10: 매출액(원) | D10: 매출건수(건) | E10: 매출액(원) | F10: 매출건수(건) | G10: 총 매출액(원) | H10: 총 매출건수(건)
C11: 1745100 | D11: 146 | E11: =SUM(E55:I56) -> 387900 | F11: =SUM(E53:I54) -> 20 | G11: =C11+E11 -> 2133000 | H11: =D11+F11 -> 166 | I11: =G11/H11 -> 12849.398
A12: 2. 제품 판매량 | B12: 제품명 | C12: 생산량(ea) | D12: 손실량(ea) | E12: 시식량(ea) | F12: 기타(ea) In (+) / Out (-) | H12: 재고량(ea) | I12: 판매량(ea)
B13: 바게트 | C13: 25 | H13: 9 | I13: =C13-D13-D14*1/2-E13-E14*1/2+F13-H13-H14*1/2-I14*1/2 -> 16
B14: 바게트(H)
B15: 화바게트 | C15: 25 | H15: 9 | I15: =C15-D15-D16*1/2-E15-E16*1/2+F15-H15-H16*1/2-I16*1/2 -> 16
B16: 화바게트(H)
B17: 깜파뉴 | C17: 32 | I17: =C17-D17-D18*1/2-E17-E18*1/2+F17-H17-H18*1/2-I18*1/2 -> 31.5
B18: 깜파뉴(H) | E18: 1
B19: 식 빵 | C19: 16 | I19: =C19-D19-D20*1/2-E19-E20*1/2+F19-H19-H20*1/2-I20*1/2 -> 16
B20: 식 빵(H)
B21: 블랙올리브 | C21: 83 | E21: 1 | H21: 4 | I21: =C21-D21-E21+F21-H21 -> 78
B22: 허 브 | C22: 73 | H22: 6 | I22: =C22-D22-E22+F22-H22 -> 67
B23: 치아바타 | C23: 230 | H23: 12 | I23: =C23-D23-D24-E23-E24+F23+F24-H23-H24-I24 -> 218
B24: 화치아바타
B25: 크로아상 | C25: 24 | I25: =C25-D25-E25+F25-H25 -> 24
B26: 뺑오쇼콜라 | C26: 38 | I26: =C26-D26-E26+F26-H26 -> 38
B27: 플레인 스콘 | C27: 29 | I27: =C27-D27-E27+F27-H27 -> 29
B28: 크랜베리 스콘 | C28: 39 | I28: =C28-D28-E28+F28-H28 -> 39
B29: 브 레 첼 | C29: 10 | E29: 1 | I29: =C29-D29-E29+F29-H29 -> 9
B30: 스틱브레첼 | C30: 102 | D30: 1 | H30: 7 | I30: =C30-D30-D31-E30-E31+F30+F31-H30-H31-I31 -> 94
B31: 버터브레첼
B32: 호라산 통밀
B33: 호밀비트
B34: 호밀후르츠 | I34: 2
B35: 구름빵 | E35: 1 | I35: 21
B36: 무화과 호밀스틱 | C36: 20 | I36: =C36-D36-E36+F36-H36 -> 20
B37: 봄날깜빠뉴 | I37: =C37-D37-D38*1/2-E37-E38*1/2+F37-H37-H38*1/2-I38*1/2 -> 0
B38: 봄날깜빠뉴(H)
B39: 여름메밀빵 | I39: =C39-D39-D40*1/2-E39-E40*1/2+F39-H39-H40*1/2-I40*1/2 -> 0
B40: 여름메밀빵(H)
B41: 가을애깜빠뉴 | I41: =C41-D41-D42*1/2-E41-E42*1/2+F41-H41-H42*1/2-I42*1/2 -> 0
B42: 가을애깜빠뉴(H)
B43: 슈톨렌
B44: 미니파네토네(여름)
B45: 파네토네
B46: 햄치즈샌드위치 | C46: 11 | I46: =C46-D46-E46+F46-H46 -> 11
B47: 치킨샌드위치 | C47: 8 | I47: =C47-D47-E47+F47-H47 -> 8
B48: 멜란자네 | I48: =C48-D48-E48+F48-H48 -> 0
B49: 수프+샌드위치 | I49: 3
B50: 수프+빵
B51: 합 계 | C51: =SUM(C13:C50) -> 765 | D51: =SUM(D13:D46) -> 1 | E51: =SUM(E13:E46) -> 4 | F51: =SUM(F13:F46) -> 0 | H51: =SUM(H13:H46) -> 47 | I51: =SUM(I13:I46) -> 729.5
A52: 3. 예약 및 POS 외 매출 | D52: 선물 | E52: 쿠팡이츠 | F52: 배 민 | G52: 제로페이 | H52: 택배 | I52: 납품
C53: 매출건수(건) | E53: 10 | G53: 9 | I53: 1
C55: 매출액(원) | E55: 208000 | G55: 141700 | I55: 38200
A57: 4. 서비스내역 및 손님 특이사항 | C57: 샌드위치+수프 주문이 연달아 3번 들어왔습니다.
C58: 샌드위치 품절 이후에 방문하신 손님께서 아쉬워하시며 품절 시간을 여쭤보셨습니다.
C59: 식빵 품절 이후에 찾으시는 손님 종종 계셨습니다.
C60: 깜빠뉴와 블랙올리브를 비교하여 소금 함량을 여쭤보신 손님이 계셨습니다. 아이가 정말 좋아한다고 말씀해주셨습니다.
A61: 5. 제품의견 / 손실 | C61: 오픈(정희주) : 스콘 바스라지는 식감이었고 버터 풍미 잘 느껴졌습니다.
C62: 마감(김세은) : 브레첼 겉은 바삭하고 속은 쫀득한 느낌이였습니다.
A65: 6. 매장 관리 | B65: 시설/장비 특이사항
B67: 청결/위생 관련업무
A70: 7. 지시 및 전달사항 | C70: 심팩 납품 완료 했습니다.
C71: 올리브 구웠습니다.
A73: 8. 내일 준비사항
A75: 9. 직원 특이사항 | C75: 휴무 | D75: 휴가 | E75: 지각/조퇴 | F75: 지원 | G75: 생일 | H75: 신입 | I75: 기타사항
B76: 금일 | C76: 윤희,준모,현진,노윤
B77: 내일 | C77: 진옥,희주,도현,현진,노윤
A78: 10. 시설 점검사항 | C78: 첫 출 근 자 | E78: 최 종 퇴 근 자 | G78: 위생/마감 점검 | I78: 최종 점검
C79: 0.25 | D79: 도현,희주 | E79: 0.8125 | F79: 윤경 | G79: 세은 | I79: 세은
H80: Paul & Paulina

Sheet 24일
A1: 일 일 업 무 보 고 서
A2: 일 시 | C2: 2026년 2월 24일 (화요일) | E2: 확인 | F2: 작성자 | H2: 누계 매출액
A3: 지 점 명 | C3: 여의도 | D3: 점 | F3: 김윤희 | H3: =G11+'23일'!H3:I3 -> 45289700
E5: 날씨 | F5: 외부온도 | G5: 내부온도 | H5: 외부습도 | I5: 내부습도
E6: 흐림 | F6: 3 | G6: 24 | H6: 0.3 | I6: 0.25
A9: 1. 금일 매출 실적 | B9: 실적 | C9: POS 매출 | E9: POS 외 매출 | G9: 총 매출 | I9: 객단가
C10: 매출액(원) | D10: 매출건수(건) | E10: 매출액(원) | F10: 매출건수(건) | G10: 총 매출액(원) | H10: 총 매출건수(건)
C11: 2030900 | D11: 156 | E11: =SUM(E55:I56) -> 183700 | F11: =SUM(E53:I54) -> 10 | G11: =C11+E11 -> 2214600 | H11: =D11+F11 -> 166 | I11: =G11/H11 -> 13340.964
A12: 2. 제품 판매량 | B12: 제품명 | C12: 생산량(ea) | D12: 손실량(ea) | E12: 시식량(ea) | F12: 기타(ea) In (+) / Out (-) | H12: 재고량(ea) | I12: 판매량(ea)
B13: 바게트 | C13: 20 | I13: =C13-D13-D14*1/2-E13-E14*1/2+F13-H13-H14*1/2-I14*1/2 -> 20
B14: 바게트(H)
B15: 화바게트 | C15: 15 | I15: =C15-D15-D16*1/2-E15-E16*1/2+F15-H15-H16*1/2-I16*1/2 -> 15
B16: 화바게트(H)
B17: 깜파뉴 | C17: 16 | I17: =C17-D17-D18*1/2-E17-E18*1/2+F17-H17-H18*1/2-I18*1/2 -> 15
B18: 깜파뉴(H) | D18: 1 | E18: 1
B19: 식 빵 | C19: 8 | I19: =C19-D19-D20*1/2-E19-E20*1/2+F19-H19-H20*1/2-I20*1/2 -> 8
B20: 식 빵(H)
B21: 블랙올리브 | C21: 61 | I21: =C21-D21-E21+F21-H21 -> 61
B22: 허 브 | C22: 27 | I22: =C22-D22-E22+F22-H22 -> 27
B23: 치아바타 | C23: 117 | E23: 1 | I23: =C23-D23-D24-E23-E24+F23+F24-H23-H24-I24 -> 113
B24: 화치아바타 | E24: 3
B25: 크로아상 | C25: 23 | I25: =C25-D25-E25+F25-H25 -> 23
B26: 뺑오쇼콜라 | C26: 21 | I26: =C26-D26-E26+F26-H26 -> 21
B27: 플레인 스콘 | C27: 26 | D27: 1 | I27: =C27-D27-E27+F27-H27 -> 25
B28: 크랜베리 스콘 | C28: 41 | D28: 1 | I28: =C28-D28-E28+F28-H28 -> 40
B29: 브 레 첼 | C29: 5 | I29: =C29-D29-E29+F29-H29 -> 5
B30: 스틱브레첼 | C30: 77 | D30: 2 | I30: =C30-D30-D31-E30-E31+F30+F31-H30-H31-I31 -> 75
B31: 버터브레첼
B32: 호라산 통밀
B33: 호밀비트
B34: 호밀후르츠 | I34: 2
B35: 구름빵 | I35: 28
B36: 무화과 호밀스틱 | I36: =C36-D36-E36+F36-H36 -> 0
B37: 봄날깜빠뉴 | I37: =C37-D37-D38*1/2-E37-E38*1/2+F37-H37-H38*1/2-I38*1/2 -> 0
B38: 봄날깜빠뉴(H)
B39: 여름메밀빵 | I39: =C39-D39-D40*1/2-E39-E40*1/2+F39-H39-H40*1/2-I40*1/2 -> 0
B40: 여름메밀빵(H)
B41: 가을애깜빠뉴 | I41: =C41-D41-D42*1/2-E41-E42*1/2+F41-H41-H42*1/2-I42*1/2 -> 0
B42: 가을애깜빠뉴(H)
B43: 슈톨렌
B44: 미니파네토네(여름)
B45: 파네토네
B46: 햄치즈샌드위치 | C46: 23 | I46: =C46-D46-E46+F46-H46 -> 23
B47: 치킨샌드위치 | C47: 9 | I47: =C47-D47-E47+F47-H47 -> 9
B48: 멜란자네 | I48: =C48-D48-E48+F48-H48 -> 0
B49: 수프+샌드위치 | I49: 2
B50: 수프+빵 | I50: 4
B51: 합 계 | C51: =SUM(C13:C50) -> 489 | D51: =SUM(D13:D46) -> 5 | E51: =SUM(E13:E46) -> 5 | F51: =SUM(F13:F46) -> 0 | H51: =SUM(H13:H46) -> 0 | I51: =SUM(I13:I46) -> 501
A52: 3. 예약 및 POS 외 매출 | D52: 선물 | E52: 쿠팡이츠 | F52: 배 민 | G52: 제로페이 | H52: 택배 | I52: 납품
C53: 매출건수(건) | E53: 4 | F53: 2 | G53: 3 | I53: 1
C55: 매출액(원) | E55: 90700 | F55: 38000 | G55: 16800 | I55: 38200
A57: 4. 서비스내역 및 손님 특이사항 | C57: 금일 스프와 샌드위치 찾으시는 손님들이 많았습니다.
C58: 뺑오쇼콜라 찾으시는 분들이 많았고, 1시즈음 품절되었습니다.
C59: 식빵 찾으시는 손님이 많았습니다. 품절 이후에도 문의있었습니다. 구름빵을 제외한 제품들이 품절되었습니다.
C60: 호밀빵은 건강에 좋은 빵인지, 깜빠뉴와 만드는 방식이 같은지, 르방을 사용하여 만든건지 여쭤보시는 손님이 계셨습니다.
A61: 5. 제품의견 / 손실 | C61: 윤희(오픈) : 당일바게트 내상 잘 열려있고, 버터의 풍미도 좋았으나, 끝에 단맛이 살짝 부족합니다.
C62: 준모(미들) : 브레첼 반죽 성형시에 건조한 느낌
A65: 6. 매장 관리 | B65: 시설/장비 특이사항
B67: 청결/위생 관련업무
A70: 7. 지시 및 전달사항 | C70: 심팩홀딩스 납품 완료하였습니다.
A73: 8. 내일 준비사항 | C73: 이태리제 바게트 15개 납품 있습니다.
C74: 파브리키친 깜빠뉴 40개 납품 있습니다.
A75: 9. 직원 특이사항 | C75: 휴무 | D75: 휴가 | E75: 지각/조퇴 | F75: 지원 | G75: 생일 | H75: 신입 | I75: 기타사항
B76: 금일 | C76: 진옥,희주,도현,현진,노윤
B77: 내일 | C77: 윤경,도현,현진
A78: 10. 시설 점검사항 | C78: 첫 출 근 자 | E78: 최 종 퇴 근 자 | G78: 위생/마감 점검 | I78: 최종 점검
C79: 0.25 | D79: 윤희 | E79: 0.8125 | F79: 윤경 | G79: 세은 | I79: 세은
H80: Paul & Paulina

Sheet 25일
A1: 일 일 업 무 보 고 서
A2: 일 시 | C2: 2026 년 2월 25일 ( 수요일) | E2: 확인 | F2: 작성자 | H2: 누계 매출액
A3: 지 점 명 | C3: 여의도 | D3: 점 | F3: 정희주 | H3: =G11+'24일'!H3:I3 -> 47346800
E5: 날씨 | F5: 외부온도 | G5: 내부온도 | H5: 외부습도 | I5: 내부습도
E6: 맑음 | F6: 13 | G6: 26 | H6: 0.28 | I6: 0.24
A9: 1. 금일 매출 실적 | B9: 실적 | C9: POS 매출 | E9: POS 외 매출 | G9: 총 매출 | I9: 객단가
C10: 매출액(원) | D10: 매출건수(건) | E10: 매출액(원) | F10: 매출건수(건) | G10: 총 매출액(원) | H10: 총 매출건수(건)
C11: 1742000 | D11: 139 | E11: =SUM(E55:I56) -> 315100 | F11: =SUM(E53:I54) -> 19 | G11: =C11+E11 -> 2057100 | H11: =D11+F11 -> 158 | I11: =G11/H11 -> 13019.62
A12: 2. 제품 판매량 | B12: 제품명 | C12: 생산량(ea) | D12: 손실량(ea) | E12: 시식량(ea) | F12: 기타(ea) In (+) / Out (-) | H12: 재고량(ea) | I12: 판매량(ea)
B13: 바게트 | C13: 53 | H13: 3 | I13: =C13-D13-D14*1/2-E13-E14*1/2+F13-H13-H14*1/2-I14*1/2 -> 50
B14: 바게트(H)
B15: 화바게트 | C15: 22 | H15: 8 | I15: =C15-D15-D16*1/2-E15-E16*1/2+F15-H15-H16*1/2-I16*1/2 -> 14
B16: 화바게트(H)
B17: 깜파뉴 | C17: 64 | I17: =C17-D17-D18*1/2-E17-E18*1/2+F17-H17-H18*1/2-I18*1/2 -> 64
B18: 깜파뉴(H)
B19: 식 빵 | C19: 16 | I19: =C19-D19-D20*1/2-E19-E20*1/2+F19-H19-H20*1/2-I20*1/2 -> 15.5
B20: 식 빵(H) | D20: 1
B21: 블랙올리브 | C21: 112 | D21: 1 | E21: 2 | I21: =C21-D21-E21+F21-H21 -> 109
B22: 허 브 | C22: 46 | D22: 1 | E22: 1 | H22: 7 | I22: =C22-D22-E22+F22-H22 -> 37
B23: 치아바타 | C23: 189 | D23: 2 | E23: 3 | H23: 13 | I23: =C23-D23-D24-E23-E24+F23+F24-H23-H24-I24 -> 169
B24: 화치아바타 | E24: 2
B25: 크로아상 | C25: 36 | D25: 4 | I25: =C25-D25-E25+F25-H25 -> 32
B26: 뺑오쇼콜라 | C26: 33 | I26: =C26-D26-E26+F26-H26 -> 33
B27: 플레인 스콘 | C27: 29 | I27: =C27-D27-E27+F27-H27 -> 29
B28: 크랜베리 스콘 | C28: 43 | I28: =C28-D28-E28+F28-H28 -> 43
B29: 브 레 첼 | C29: 10 | I29: =C29-D29-E29+F29-H29 -> 10
B30: 스틱브레첼 | C30: 105 | D30: 4 | I30: =C30-D30-D31-E30-E31+F30+F31-H30-H31-I31 -> 101
B31: 버터브레첼
B32: 호라산 통밀
B33: 호밀비트
B34: 호밀후르츠
B35: 구름빵
B36: 무화과 호밀스틱 | C36: 21 | I36: =C36-D36-E36+F36-H36 -> 21
B37: 봄날깜빠뉴 | I37: =C37-D37-D38*1/2-E37-E38*1/2+F37-H37-H38*1/2-I38*1/2 -> 0
B38: 봄날깜빠뉴(H)
B39: 여름메밀빵 | I39: =C39-D39-D40*1/2-E39-E40*1/2+F39-H39-H40*1/2-I40*1/2 -> 0
B40: 여름메밀빵(H)
B41: 가을애깜빠뉴 | I41: =C41-D41-D42*1/2-E41-E42*1/2+F41-H41-H42*1/2-I42*1/2 -> 0
B42: 가을애깜빠뉴(H)
B43: 슈톨렌
B44: 미니파네토네(여름)
B45: 파네토네
B46: 햄치즈샌드위치 | C46: 17 | I46: =C46-D46-E46+F46-H46 -> 17
B47: 치킨샌드위치 | I47: =C47-D47-E47+F47-H47 -> 0
B48: 멜란자네 | I48: =C48-D48-E48+F48-H48 -> 0
B49: 수프+샌드위치
B50: 수프+빵
B51: 합 계 | C51: =SUM(C13:C50) -> 796 | D51: =SUM(D13:D46) -> 13 | E51: =SUM(E13:E46) -> 8 | F51: =SUM(F13:F46) -> 0 | H51: =SUM(H13:H46) -> 31 | I51: =SUM(I13:I46) -> 744.5
A52: 3. 예약 및 POS 외 매출 | D52: 선물 | E52: 쿠팡이츠 | F52: 배 민 | G52: 제로페이 | H52: 택배 | I52: 납품
C53: 매출건수(건) | E53: 3 | F53: 3 | G53: 12 | I53: 1
C55: 매출액(원) | E55: 62900 | F55: 56200 | G55: 145600 | I55: 50400
A57: 4. 서비스내역 및 손님 특이사항 | C57: 금일 식빵,깜빠뉴 같은 큰 빵 찾으시는 손님 많았습니다.
C58: 버터브레첼 찾으시는 손님 많았고, 1시 전후로 마감되었습니다.
C59: 뺑오쇼콜라와 크로와상은 12시전후로 마감되었습니다.
C60: 오전에 배달로 주문주시는 손님들이 많았습니다.
A61: 5. 제품의견 / 손실 | C61: 오픈(정희주) : 치아바타 힘이 강했고 고소한맛이 느껴졌지만 오일향이 부족했습니다.
C62: 오픈(유준모) : 전체적으로 반죽들 힘 이 좋았습니다.
C63: 마감(김세은) : 치아바타 분할 시 힘이 셌습니다. 고소한 맛은 잘 느껴졌습니다.
C64: 마감(김윤희) : 당일 바게트 내상이 잘 안 열려있었고, 버터와 단맛이 부족하였습니다.
A65: 6. 매장 관리 | B65: 시설/장비 특이사항
B67: 청결/위생 관련업무
A70: 7. 지시 및 전달사항 | C70: 심팩홀딩스, 이태리재, 파브리키친 납품했습니다.
C71: 블랙올리브 구웠습니다.
A73: 8. 내일 준비사항 | C73: 심팩홀딩스 납품있습니다.
A75: 9. 직원 특이사항 | C75: 휴무 | D75: 휴가 | E75: 지각/조퇴 | F75: 지원 | G75: 생일 | H75: 신입 | I75: 기타사항
B76: 금일 | C76: 윤경,도현,현진
B77: 내일 | C77: 도현,윤희,현진,지림
A78: 10. 시설 점검사항 | C78: 첫 출 근 자 | E78: 최 종 퇴 근 자 | G78: 위생/마감 점검 | I78: 최종 점검
C79: 0.25 | D79: 준모,희주 | E79: 0.8125 | F79: 윤희 | G79: 세은 | I79: 세은
H80: Paul & Paulina

Sheet 26일
A1: 일 일 업 무 보 고 서
A2: 일 시 | C2: 2025 년 2 월 26 일 ( 목요일) | E2: 확인 | F2: 작성자 | H2: 누계 매출액
A3: 지 점 명 | C3: 여의도 | D3: 점 | F3: 유준모 | H3: =G11+'25일'!H3:I3 -> 49636200
E5: 날씨 | F5: 외부온도 | G5: 내부온도 | H5: 외부습도 | I5: 내부습도
E6: 흐림 | F6: 12 | G6: 26 | H6: 0.36 | I6: 0.25
A9: 1. 금일 매출 실적 | B9: 실적 | C9: POS 매출 | E9: POS 외 매출 | G9: 총 매출 | I9: 객단가
C10: 매출액(원) | D10: 매출건수(건) | E10: 매출액(원) | F10: 매출건수(건) | G10: 총 매출액(원) | H10: 총 매출건수(건)
C11: 1640300 | D11: 132 | E11: =SUM(E55:I56) -> 649100 | F11: =SUM(E53:I54) -> 11 | G11: =C11+E11 -> 2289400 | H11: =D11+F11 -> 143 | I11: =G11/H11 -> 16009.79
A12: 2. 제품 판매량 | B12: 제품명 | C12: 생산량(ea) | D12: 손실량(ea) | E12: 시식량(ea) | F12: 기타(ea) In (+) / Out (-) | H12: 재고량(ea) | I12: 판매량(ea)
B13: 바게트 | C13: 27 | H13: 5 | I13: =C13-D13-D14*1/2-E13-E14*1/2+F13-H13-H14*1/2-I14*1/2 -> 20
B14: 바게트(H) | D14: 1 | E14: 3
B15: 화바게트 | C15: 25 | H15: 6 | I15: =C15-D15-D16*1/2-E15-E16*1/2+F15-H15-H16*1/2-I16*1/2 -> 18
B16: 화바게트(H) | E16: 1 | H16: 1
B17: 깜파뉴 | C17: 24 | I17: =C17-D17-D18*1/2-E17-E18*1/2+F17-H17-H18*1/2-I18*1/2 -> 23.5
B18: 깜파뉴(H) | H18: 1
B19: 식 빵 | C19: 16 | I19: =C19-D19-D20*1/2-E19-E20*1/2+F19-H19-H20*1/2-I20*1/2 -> 16
B20: 식 빵(H)
B21: 블랙올리브 | C21: 109 | E21: 1 | H21: 24 | I21: =C21-D21-E21+F21-H21 -> 84
B22: 허 브 | C22: 55 | H22: 12 | I22: =C22-D22-E22+F22-H22 -> 43
B23: 치아바타 | C23: 180 | E23: 3 | H23: 3 | I23: =C23-D23-D24-E23-E24+F23+F24-H23-H24-I24 -> 169
B24: 화치아바타 | E24: 3 | H24: 2
B25: 크로아상 | C25: 36 | D25: 1 | E25: 1 | I25: =C25-D25-E25+F25-H25 -> 34
B26: 뺑오쇼콜라 | C26: 33 | I26: =C26-D26-E26+F26-H26 -> 33
B27: 플레인 스콘 | C27: 30 | D27: 1 | I27: =C27-D27-E27+F27-H27 -> 29
B28: 크랜베리 스콘 | C28: 39 | D28: 1 | E28: 1 | I28: =C28-D28-E28+F28-H28 -> 37
B29: 브 레 첼 | C29: 10 | I29: =C29-D29-E29+F29-H29 -> 10
B30: 스틱브레첼 | C30: 103 | I30: =C30-D30-D31-E30-E31+F30+F31-H30-H31-I31 -> 103
B31: 버터브레첼
B32: 호라산 통밀
B33: 호밀비트
B34: 호밀후르츠 | I34: 5
B35: 구름빵 | I35: 24
B36: 무화과 호밀스틱 | C36: 20 | I36: =C36-D36-E36+F36-H36 -> 20
B37: 봄날깜빠뉴 | I37: =C37-D37-D38*1/2-E37-E38*1/2+F37-H37-H38*1/2-I38*1/2 -> 0
B38: 봄날깜빠뉴(H)
B39: 여름메밀빵 | I39: =C39-D39-D40*1/2-E39-E40*1/2+F39-H39-H40*1/2-I40*1/2 -> 0
B40: 여름메밀빵(H)
B41: 가을애깜빠뉴 | I41: =C41-D41-D42*1/2-E41-E42*1/2+F41-H41-H42*1/2-I42*1/2 -> 0
B42: 가을애깜빠뉴(H)
B43: 슈톨렌
B44: 미니파네토네(여름)
B45: 파네토네
B46: 햄치즈샌드위치 | C46: 12 | I46: =C46-D46-E46+F46-H46 -> 12
B47: 치킨샌드위치 | C47: 21 | I47: =C47-D47-E47+F47-H47 -> 21
B48: 멜란자네 | I48: =C48-D48-E48+F48-H48 -> 0
B49: 수프+샌드위치
B50: 수프+빵
B51: 합 계 | C51: =SUM(C13:C50) -> 740 | D51: =SUM(D13:D46) -> 4 | E51: =SUM(E13:E46) -> 13 | F51: =SUM(F13:F46) -> 0 | H51: =SUM(H13:H46) -> 54 | I51: =SUM(I13:I46) -> 680.5
A52: 3. 예약 및 POS 외 매출 | D52: 선물 | E52: 쿠팡이츠 | F52: 배 민 | G52: 제로페이 | H52: 택배 | I52: 납품
C53: 매출건수(건) | F53: 2 | G53: 8 | I53: 1
C55: 매출액(원) | F55: 80400 | G55: 99700 | I55: 469000
A57: 4. 서비스내역 및 손님 특이사항 | C57: 호밀빵이 출시요일에 대한 공지는 어디서 확인할 수 있는지, 천연발효종으로 만드는 빵인지에 대해 여쭤보시는 손님이 계셨습니다.
C58: 12,500원 건 (치아바타 1, 화치아바타1, 무화과호밀스틱 1) 은 토스단말기가 아닌 카드단말기로 결제했습니다.
C59: 식빵이 이른 시간에 품절되었습니다. 하프사이즈로 구매하시는 손님이 많았습니다.
C60: 품절 이후에도 스콘을 찾으시는 손님이 종종 계셨습니다. 버터프레첼을 찾으시는 손님이 많았으나, 이른 품절되었습니다.
A61: 5. 제품의견 / 손실 | C61: 정희주(오픈) : 스콘 물량 287로 진행했고 우유추가 없이 했더니 되기 괜찮았습니다.
C62: 유준모(오픈) : 냉장 크로아상 발효 빨랐습니다. / 냉장 치아바타 전 날 대비 발효실 발효 충분히 봤습니다.
C63: 김세은(마감) : 냉장 치아바타 분할 시, 어제보다 힘 풀려있었고, 발효도 충분히 봤습니다.
A65: 6. 매장 관리 | B65: 시설/장비 특이사항
B67: 청결/위생 관련업무
A70: 7. 지시 및 전달사항 | C70: 금일 심팩홀딩스 납품 있었습니다.
C71: 매머드커피 예치금 사용 했습니다.
A73: 8. 내일 준비사항 | C73: 크랜베리 소분
A75: 9. 직원 특이사항 | C75: 휴무 | D75: 휴가 | E75: 지각/조퇴 | F75: 지원 | G75: 생일 | H75: 신입 | I75: 기타사항
B76: 금일 | C76: 도현, 윤희, 지림
B77: 내일 | C77: 세은, 준모, 지림
A78: 10. 시설 점검사항 | C78: 첫 출 근 자 | E78: 최 종 퇴 근 자 | G78: 위생/마감 점검 | I78: 최종 점검
C79: 0.25 | D79: 희주 ,준모 | E79: 0.8125 | F79: 윤경 | G79: 노윤 | I79: 노윤
H80: Paul & Paulina

Sheet 27일
A1: 일 일 업 무 보 고 서
A2: 일 시 | C2: 2026 년 2월 27일 ( 금요일) | E2: 확인 | F2: 작성자 | H2: 누계 매출액
A3: 지 점 명 | C3: 여의도 | D3: 점 | F3: 정희주 | H3: =G11+'26일'!H3:I3 -> 51960700
E5: 날씨 | F5: 외부온도 | G5: 내부온도 | H5: 외부습도 | I5: 내부습도
E6: 맑음 | F6: 12 | G6: 26.5 | H6: 0.45 | I6: 0.24
A9: 1. 금일 매출 실적 | B9: 실적 | C9: POS 매출 | E9: POS 외 매출 | G9: 총 매출 | I9: 객단가
C10: 매출액(원) | D10: 매출건수(건) | E10: 매출액(원) | F10: 매출건수(건) | G10: 총 매출액(원) | H10: 총 매출건수(건)
C11: 2050200 | D11: 161 | E11: =SUM(E55:I56) -> 274300 | F11: =SUM(E53:I54) -> 14 | G11: =C11+E11 -> 2324500 | H11: =D11+F11 -> 175 | I11: =G11/H11 -> 13282.857
A12: 2. 제품 판매량 | B12: 제품명 | C12: 생산량(ea) | D12: 손실량(ea) | E12: 시식량(ea) | F12: 기타(ea) In (+) / Out (-) | H12: 재고량(ea) | I12: 판매량(ea)
B13: 바게트 | C13: 26 | I13: =C13-D13-D14*1/2-E13-E14*1/2+F13-H13-H14*1/2-I14*1/2 -> 26
B14: 바게트(H)
B15: 화바게트 | C15: 23 | I15: =C15-D15-D16*1/2-E15-E16*1/2+F15-H15-H16*1/2-I16*1/2 -> 23
B16: 화바게트(H)
B17: 깜파뉴 | C17: 16 | D17: 1 | I17: =C17-D17-D18*1/2-E17-E18*1/2+F17-H17-H18*1/2-I18*1/2 -> 15
B18: 깜파뉴(H)
B19: 식 빵 | C19: 16 | I19: =C19-D19-D20*1/2-E19-E20*1/2+F19-H19-H20*1/2-I20*1/2 -> 16
B20: 식 빵(H)
B21: 블랙올리브 | C21: 82 | E21: 3 | I21: =C21-D21-E21+F21-H21 -> 79
B22: 허 브 | C22: 42 | E22: 1 | I22: =C22-D22-E22+F22-H22 -> 41
B23: 치아바타 | C23: 147 | E23: 4 | I23: =C23-D23-D24-E23-E24+F23+F24-H23-H24-I24 -> 143
B24: 화치아바타
B25: 크로아상 | C25: 34 | D25: 3 | I25: =C25-D25-E25+F25-H25 -> 31
B26: 뺑오쇼콜라 | C26: 32 | I26: =C26-D26-E26+F26-H26 -> 32
B27: 플레인 스콘 | C27: 32 | I27: =C27-D27-E27+F27-H27 -> 32
B28: 크랜베리 스콘 | C28: 46 | D28: 5 | E28: 2 | I28: =C28-D28-E28+F28-H28 -> 39
B29: 브 레 첼 | C29: 10 | I29: =C29-D29-E29+F29-H29 -> 10
B30: 스틱브레첼 | C30: 106 | I30: =C30-D30-D31-E30-E31+F30+F31-H30-H31-I31 -> 106
B31: 버터브레첼
B32: 호라산 통밀
B33: 호밀비트
B34: 호밀후르츠
B35: 구름빵 | I35: 3
B36: 무화과 호밀스틱 | C36: 20 | I36: =C36-D36-E36+F36-H36 -> 20
B37: 봄날깜빠뉴 | I37: =C37-D37-D38*1/2-E37-E38*1/2+F37-H37-H38*1/2-I38*1/2 -> 0
B38: 봄날깜빠뉴(H)
B39: 여름메밀빵 | I39: =C39-D39-D40*1/2-E39-E40*1/2+F39-H39-H40*1/2-I40*1/2 -> 0
B40: 여름메밀빵(H)
B41: 가을애깜빠뉴 | I41: =C41-D41-D42*1/2-E41-E42*1/2+F41-H41-H42*1/2-I42*1/2 -> 0
B42: 가을애깜빠뉴(H)
B43: 슈톨렌
B44: 미니파네토네(여름)
B45: 파네토네
B46: 햄치즈샌드위치 | C46: 13 | I46: =C46-D46-E46+F46-H46 -> 13
B47: 치킨샌드위치 | C47: 9 | I47: =C47-D47-E47+F47-H47 -> 9
B48: 멜란자네 | I48: =C48-D48-E48+F48-H48 -> 0
B49: 수프+샌드위치
B50: 수프+빵
B51: 합 계 | C51: =SUM(C13:C50) -> 654 | D51: =SUM(D13:D46) -> 9 | E51: =SUM(E13:E46) -> 10 | F51: =SUM(F13:F46) -> 0 | H51: =SUM(H13:H46) -> 0 | I51: =SUM(I13:I46) -> 629
A52: 3. 예약 및 POS 외 매출 | D52: 선물 | E52: 쿠팡이츠 | F52: 배 민 | G52: 제로페이 | H52: 택배 | I52: 납품
C53: 매출건수(건) | E53: 5 | F53: 2 | G53: 6 | I53: 1
C55: 매출액(원) | E55: 114300 | F55: 56000 | G55: 65400 | I55: 38600
A57: 4. 서비스내역 및 손님 특이사항 | C57: 전품목 품절되었습니다. 큰 빵 위주로 찾으시는 손님 많았습니다.
C58: 매장 전화가 계속 통화중이라 예약을 못했다며 아쉬워하신 손님 계셨습니다. 전화를 14통하셨다고 통화기록을 보여주셨습니다. 매장에는 전화온 적이 없었어서 전화기 원인 파악 필요합니다.
C59: 통곡물로 만드는 빵이 있는지 여쭤보시는 손님 계셨습니다.
C60: 이관된 호밀빵 3개 시식하기 전에 전부 품절되었습니다.
A61: 5. 제품의견 / 손실 | C61: 오픈(김도현) : 금일 당일바게트 성형 시에 공기 잘 차있었습니다. (색은 잘 나왔으나 2차발효가 많은느낌으로 약간 신맛이 올라옵니다.)
C62: 오픈(정희주) : 오늘 브레첼 성형시 탄력이 부족해서 2차 믹싱을 좀 더 했습니다. 스콘 물량 287로 진행했고 맛,식감 좋았습니다.
C64: 미들(김윤희) : 금일 크로와상 꼬리가 돌아간 게 몇 개 있었습니다. / 성형이나 팬닝할 때 주의해야 할 거 같습니다.
A65: 6. 매장 관리 | B65: 시설/장비 특이사항
B67: 청결/위생 관련업무
A70: 7. 지시 및 전달사항
A73: 8. 내일 준비사항 | C73: 이태리제 바게트 25개 납품있습니다.
A75: 9. 직원 특이사항 | C75: 휴무 | D75: 휴가 | E75: 지각/조퇴 | F75: 지원 | G75: 생일 | H75: 신입 | I75: 기타사항
B76: 금일 | C76: 세은,준모,현진,지림
B77: 내일 | C77: 준모,진옥,희주,현진,지림
A78: 10. 시설 점검사항 | C78: 첫 출 근 자 | E78: 최 종 퇴 근 자 | G78: 위생/마감 점검 | I78: 최종 점검
C79: 0.25 | D79: 도현,희주 | E79: 0.8125 | F79: 윤경 | G79: 윤희 | I79: 윤희
H80: Paul & Paulina

Sheet 28일
A1: 일 일 업 무 보 고 서
A2: 일 시 | C2: 2026년 2월 28일 (토요일) | E2: 확인 | F2: 작성자 | H2: 누계 매출액
A3: 지 점 명 | C3: 여의도 | D3: 점 | F3: 김윤희 | H3: =G11+'27일'!H3:I3 -> 54353900
E5: 날씨 | F5: 외부온도 | G5: 내부온도 | H5: 외부습도 | I5: 내부습도
E6: 맑음 | F6: 13 | G6: 26 | H6: 0.35 | I6: 0.25
A9: 1. 금일 매출 실적 | B9: 실적 | C9: POS 매출 | E9: POS 외 매출 | G9: 총 매출 | I9: 객단가
C10: 매출액(원) | D10: 매출건수(건) | E10: 매출액(원) | F10: 매출건수(건) | G10: 총 매출액(원) | H10: 총 매출건수(건)
C11: 1977900 | D11: 142 | E11: =SUM(E55:I56) -> 415300 | F11: =SUM(E53:I54) -> 17 | G11: =C11+E11 -> 2393200 | H11: =D11+F11 -> 159 | I11: =G11/H11 -> 15051.572
A12: 2. 제품 판매량 | B12: 제품명 | C12: 생산량(ea) | D12: 손실량(ea) | E12: 시식량(ea) | F12: 기타(ea) In (+) / Out (-) | H12: 재고량(ea) | I12: 판매량(ea)
B13: 바게트 | C13: 47 | I13: =C13-D13-D14*1/2-E13-E14*1/2+F13-H13-H14*1/2-I14*1/2 -> 47
B14: 바게트(H)
B15: 화바게트 | C15: 27 | I15: =C15-D15-D16*1/2-E15-E16*1/2+F15-H15-H16*1/2-I16*1/2 -> 27
B16: 화바게트(H)
B17: 깜파뉴 | C17: 30 | I17: =C17-D17-D18*1/2-E17-E18*1/2+F17-H17-H18*1/2-I18*1/2 -> 29.5
B18: 깜파뉴(H) | E18: 1
B19: 식 빵 | C19: 16 | I19: =C19-D19-D20*1/2-E19-E20*1/2+F19-H19-H20*1/2-I20*1/2 -> 16
B20: 식 빵(H)
B21: 블랙올리브 | C21: 89 | I21: =C21-D21-E21+F21-H21 -> 89
B22: 허 브 | C22: 68 | D22: 1 | E22: 2 | I22: =C22-D22-E22+F22-H22 -> 65
B23: 치아바타 | C23: 219 | E23: 2 | I23: =C23-D23-D24-E23-E24+F23+F24-H23-H24-I24 -> 216
B24: 화치아바타 | E24: 1
B25: 크로아상 | C25: 38 | I25: =C25-D25-E25+F25-H25 -> 38
B26: 뺑오쇼콜라 | C26: 35 | I26: =C26-D26-E26+F26-H26 -> 35
B27: 플레인 스콘 | C27: 40 | I27: =C27-D27-E27+F27-H27 -> 40
B28: 크랜베리 스콘 | C28: 52 | D28: 2 | I28: =C28-D28-E28+F28-H28 -> 50
B29: 브 레 첼 | C29: 10 | I29: =C29-D29-E29+F29-H29 -> 10
B30: 스틱브레첼 | C30: 111 | I30: =C30-D30-D31-E30-E31+F30+F31-H30-H31-I31 -> 111
B31: 버터브레첼
B32: 호라산 통밀
B33: 호밀비트
B34: 호밀후르츠
B35: 구름빵
B36: 무화과 호밀스틱 | C36: 20 | I36: =C36-D36-E36+F36-H36 -> 20
B37: 봄날깜빠뉴 | I37: =C37-D37-D38*1/2-E37-E38*1/2+F37-H37-H38*1/2-I38*1/2 -> 0
B38: 봄날깜빠뉴(H)
B39: 여름메밀빵 | I39: =C39-D39-D40*1/2-E39-E40*1/2+F39-H39-H40*1/2-I40*1/2 -> 0
B40: 여름메밀빵(H)
B41: 가을애깜빠뉴 | I41: =C41-D41-D42*1/2-E41-E42*1/2+F41-H41-H42*1/2-I42*1/2 -> 0
B42: 가을애깜빠뉴(H)
B43: 슈톨렌
B44: 미니파네토네(여름)
B45: 파네토네
B46: 햄치즈샌드위치 | C46: 11 | I46: =C46-D46-E46+F46-H46 -> 11
B47: 치킨샌드위치 | C47: 8 | I47: =C47-D47-E47+F47-H47 -> 8
B48: 멜란자네 | I48: =C48-D48-E48+F48-H48 -> 0
B49: 수프+샌드위치 | I49: 1
B50: 수프+빵 | I50: 3
B51: 합 계 | C51: =SUM(C13:C50) -> 821 | D51: =SUM(D13:D46) -> 3 | E51: =SUM(E13:E46) -> 6 | F51: =SUM(F13:F46) -> 0 | H51: =SUM(H13:H46) -> 0 | I51: =SUM(I13:I46) -> 804.5
A52: 3. 예약 및 POS 외 매출 | D52: 선물 | E52: 쿠팡이츠 | F52: 배 민 | G52: 제로페이 | H52: 택배 | I52: 납품
C53: 매출건수(건) | E53: 9 | F53: 2 | G53: 5 | I53: 1
C55: 매출액(원) | E55: 198700 | F55: 48100 | G55: 86000 | I55: 82500
A57: 4. 서비스내역 및 손님 특이사항 | C57: 배달 주문이 점심시간대에 꾸준하게 많이 있었습니다.
C58: 방문손님이 계속 꾸준히 있었습니다. 주차등록하시는 손님이 대부분이었습니다.
C59: 뺑오쇼콜라, 무화과호밀스틱, 스콘류가 조기 품절되었습니다. / 전품목 품절입니다.
C60: 오전~12시 전에 치아바타를 찾으시는 손님이 많았습니다.
A61: 5. 제품의견 / 손실 | C61: 윤희(오픈) : 바게트 반죽이 전체적으로 힘이 세서 조정수를 많이 넣었습니다.
C62: 도현(오픈) : 냉장 바게트 반죽 어제보다 힘이 강한 편으로 성형할때 힘이 잘 안풀렸습니다.
A65: 6. 매장 관리 | B65: 시설/장비 특이사항
B67: 청결/위생 관련업무
A70: 7. 지시 및 전달사항 | C70: 이태리제 바게트 25개 > 15개 납품하였습니다.
A73: 8. 내일 준비사항
A75: 9. 직원 특이사항 | C75: 휴무 | D75: 휴가 | E75: 지각/조퇴 | F75: 지원 | G75: 생일 | H75: 신입 | I75: 기타사항
B76: 금일 | C76: 준모,진옥,희주,현진,지림
B77: 내일 | C77: 윤경,진옥,노윤,준모
A78: 10. 시설 점검사항 | C78: 첫 출 근 자 | E78: 최 종 퇴 근 자 | G78: 위생/마감 점검 | I78: 최종 점검
C79: 0.25 | D79: 도현,윤희 | E79: 0.77083333 | F79: 윤경 | G79: 노윤 | I79: 노윤
H80: Paul & Paulina

Sheet 29일
A1: 일 일 업 무 보 고 서
A2: 일 시 | C2: 202 년 월 일 ( 요일) | E2: 확인 | F2: 작성자 | H2: 누계 매출액
A3: 지 점 명 | D3: 점 | H3: =G11+'28일'!H3:I3 -> 54353900
E5: 날씨 | F5: 외부온도 | G5: 내부온도 | H5: 외부습도 | I5: 내부습도
A9: 1. 금일 매출 실적 | B9: 실적 | C9: POS 매출 | E9: POS 외 매출 | G9: 총 매출 | I9: 객단가
C10: 매출액(원) | D10: 매출건수(건) | E10: 매출액(원) | F10: 매출건수(건) | G10: 총 매출액(원) | H10: 총 매출건수(건)
E11: =SUM(E55:I56) -> 0 | F11: =SUM(E53:I54) -> 0 | G11: =C11+E11 -> 0 | H11: =D11+F11 -> 0 | I11: =G11/H11 -> #DIV/0!
A12: 2. 제품 판매량 | B12: 제품명 | C12: 생산량(ea) | D12: 손실량(ea) | E12: 시식량(ea) | F12: 기타(ea) In (+) / Out (-) | H12: 재고량(ea) | I12: 판매량(ea)
B13: 바게트 | I13: =C13-D13-D14*1/2-E13-E14*1/2+F13-H13-H14*1/2-I14*1/2 -> 0
B14: 바게트(H)
B15: 화바게트 | I15: =C15-D15-D16*1/2-E15-E16*1/2+F15-H15-H16*1/2-I16*1/2 -> 0
B16: 화바게트(H)
B17: 깜파뉴 | I17: =C17-D17-D18*1/2-E17-E18*1/2+F17-H17-H18*1/2-I18*1/2 -> 0
B18: 깜파뉴(H)
B19: 식 빵 | I19: =C19-D19-D20*1/2-E19-E20*1/2+F19-H19-H20*1/2-I20*1/2 -> 0
B20: 식 빵(H)
B21: 블랙올리브 | I21: =C21-D21-E21+F21-H21 -> 0
B22: 허 브 | I22: =C22-D22-E22+F22-H22 -> 0
B23: 치아바타 | I23: =C23-D23-D24-E23-E24+F23+F24-H23-H24-I24 -> 0
B24: 화치아바타
B25: 크로아상 | I25: =C25-D25-E25+F25-H25 -> 0
B26: 뺑오쇼콜라 | I26: =C26-D26-E26+F26-H26 -> 0
B27: 플레인 스콘 | I27: =C27-D27-E27+F27-H27 -> 0
B28: 크랜베리 스콘 | I28: =C28-D28-E28+F28-H28 -> 0
B29: 브 레 첼 | I29: =C29-D29-E29+F29-H29 -> 0
B30: 스틱브레첼 | I30: =C30-D30-D31-E30-E31+F30+F31-H30-H31-I31 -> 0
B31: 버터브레첼
B32: 호라산 통밀
B33: 호밀비트
B34: 호밀후르츠
B35: 구름빵
B36: 무화과 호밀스틱 | I36: =C36-D36-E36+F36-H36 -> 0
B37: 봄날깜빠뉴 | I37: =C37-D37-D38*1/2-E37-E38*1/2+F37-H37-H38*1/2-I38*1/2 -> 0
B38: 봄날깜빠뉴(H)
B39: 여름메밀빵 | I39: =C39-D39-D40*1/2-E39-E40*1/2+F39-H39-H40*1/2-I40*1/2 -> 0
B40: 여름메밀빵(H)
B41: 가을애깜빠뉴 | I41: =C41-D41-D42*1/2-E41-E42*1/2+F41-H41-H42*1/2-I42*1/2 -> 0
B42: 가을애깜빠뉴(H)
B43: 슈톨렌
B44: 미니파네토네(여름)
B45: 파네토네
B46: 햄치즈샌드위치 | I46: =C46-D46-E46+F46-H46 -> 0
B47: 치킨샌드위치 | I47: =C47-D47-E47+F47-H47 -> 0
B48: 멜란자네 | I48: =C48-D48-E48+F48-H48 -> 0
B49: 수프+샌드위치
B50: 수프+빵
B51: 합 계 | C51: =SUM(C13:C50) -> 0 | D51: =SUM(D13:D46) -> 0 | E51: =SUM(E13:E46) -> 0 | F51: =SUM(F13:F46) -> 0 | H51: =SUM(H13:H46) -> 0 | I51: =SUM(I13:I46) -> 0
A52: 3. 예약 및 POS 외 매출 | D52: 선물 | E52: 쿠팡이츠 | F52: 배 민 | G52: 제로페이 | H52: 택배 | I52: 납품
C53: 매출건수(건)
C55: 매출액(원)
A57: 4. 서비스내역 및 손님 특이사항
A61: 5. 제품의견 / 손실
A65: 6. 매장 관리 | B65: 시설/장비 특이사항
B67: 청결/위생 관련업무
A70: 7. 지시 및 전달사항
A73: 8. 내일 준비사항
A75: 9. 직원 특이사항 | C75: 휴무 | D75: 휴가 | E75: 지각/조퇴 | F75: 지원 | G75: 생일 | H75: 신입 | I75: 기타사항
B76: 금일
B77: 내일
A78: 10. 시설 점검사항 | C78: 첫 출 근 자 | E78: 최 종 퇴 근 자 | G78: 위생/마감 점검 | I78: 최종 점검
H80: Paul & Paulina

Sheet 30일
A1: 일 일 업 무 보 고 서
A2: 일 시 | C2: 202 년 월 일 ( 요일) | E2: 확인 | F2: 작성자 | H2: 누계 매출액
A3: 지 점 명 | D3: 점 | H3: =G11+'29일'!H3:I3 -> 54353900
E5: 날씨 | F5: 외부온도 | G5: 내부온도 | H5: 외부습도 | I5: 내부습도
A9: 1. 금일 매출 실적 | B9: 실적 | C9: POS 매출 | E9: POS 외 매출 | G9: 총 매출 | I9: 객단가
C10: 매출액(원) | D10: 매출건수(건) | E10: 매출액(원) | F10: 매출건수(건) | G10: 총 매출액(원) | H10: 총 매출건수(건)
E11: =SUM(E55:I56) -> 0 | F11: =SUM(E53:I54) -> 0 | G11: =C11+E11 -> 0 | H11: =D11+F11 -> 0 | I11: =G11/H11 -> #DIV/0!
A12: 2. 제품 판매량 | B12: 제품명 | C12: 생산량(ea) | D12: 손실량(ea) | E12: 시식량(ea) | F12: 기타(ea) In (+) / Out (-) | H12: 재고량(ea) | I12: 판매량(ea)
B13: 바게트 | I13: =C13-D13-D14*1/2-E13-E14*1/2+F13-H13-H14*1/2-I14*1/2 -> 0
B14: 바게트(H)
B15: 화바게트 | I15: =C15-D15-D16*1/2-E15-E16*1/2+F15-H15-H16*1/2-I16*1/2 -> 0
B16: 화바게트(H)
B17: 깜파뉴 | I17: =C17-D17-D18*1/2-E17-E18*1/2+F17-H17-H18*1/2-I18*1/2 -> 0
B18: 깜파뉴(H)
B19: 식 빵 | I19: =C19-D19-D20*1/2-E19-E20*1/2+F19-H19-H20*1/2-I20*1/2 -> 0
B20: 식 빵(H)
B21: 블랙올리브 | I21: =C21-D21-E21+F21-H21 -> 0
B22: 허 브 | I22: =C22-D22-E22+F22-H22 -> 0
B23: 치아바타 | I23: =C23-D23-D24-E23-E24+F23+F24-H23-H24-I24 -> 0
B24: 화치아바타
B25: 크로아상 | I25: =C25-D25-E25+F25-H25 -> 0
B26: 뺑오쇼콜라 | I26: =C26-D26-E26+F26-H26 -> 0
B27: 플레인 스콘 | I27: =C27-D27-E27+F27-H27 -> 0
B28: 크랜베리 스콘 | I28: =C28-D28-E28+F28-H28 -> 0
B29: 브 레 첼 | I29: =C29-D29-E29+F29-H29 -> 0
B30: 스틱브레첼 | I30: =C30-D30-D31-E30-E31+F30+F31-H30-H31-I31 -> 0
B31: 버터브레첼
B32: 호라산 통밀
B33: 호밀비트
B34: 호밀후르츠
B35: 구름빵
B36: 무화과 호밀스틱 | I36: =C36-D36-E36+F36-H36 -> 0
B37: 봄날깜빠뉴 | I37: =C37-D37-D38*1/2-E37-E38*1/2+F37-H37-H38*1/2-I38*1/2 -> 0
B38: 봄날깜빠뉴(H)
B39: 여름메밀빵 | I39: =C39-D39-D40*1/2-E39-E40*1/2+F39-H39-H40*1/2-I40*1/2 -> 0
B40: 여름메밀빵(H)
B41: 가을애깜빠뉴 | I41: =C41-D41-D42*1/2-E41-E42*1/2+F41-H41-H42*1/2-I42*1/2 -> 0
B42: 가을애깜빠뉴(H)
B43: 슈톨렌
B44: 미니파네토네(여름)
B45: 파네토네
B46: 햄치즈샌드위치 | I46: =C46-D46-E46+F46-H46 -> 0
B47: 치킨샌드위치 | I47: =C47-D47-E47+F47-H47 -> 0
B48: 멜란자네 | I48: =C48-D48-E48+F48-H48 -> 0
B49: 수프+샌드위치
B50: 수프+빵
B51: 합 계 | C51: =SUM(C13:C50) -> 0 | D51: =SUM(D13:D46) -> 0 | E51: =SUM(E13:E46) -> 0 | F51: =SUM(F13:F46) -> 0 | H51: =SUM(H13:H46) -> 0 | I51: =SUM(I13:I46) -> 0
A52: 3. 예약 및 POS 외 매출 | D52: 선물 | E52: 쿠팡이츠 | F52: 배 민 | G52: 제로페이 | H52: 택배 | I52: 납품
C53: 매출건수(건)
C55: 매출액(원)
A57: 4. 서비스내역 및 손님 특이사항
A61: 5. 제품의견 / 손실
A65: 6. 매장 관리 | B65: 시설/장비 특이사항
B67: 청결/위생 관련업무
A70: 7. 지시 및 전달사항
A73: 8. 내일 준비사항
A75: 9. 직원 특이사항 | C75: 휴무 | D75: 휴가 | E75: 지각/조퇴 | F75: 지원 | G75: 생일 | H75: 신입 | I75: 기타사항
B76: 금일
B77: 내일
A78: 10. 시설 점검사항 | C78: 첫 출 근 자 | E78: 최 종 퇴 근 자 | G78: 위생/마감 점검 | I78: 최종 점검
H80: Paul & Paulina

Sheet 31일
A1: 일 일 업 무 보 고 서
A2: 일 시 | C2: 202 년 월 일 ( 요일) | E2: 확인 | F2: 작성자 | H2: 누계 매출액
A3: 지 점 명 | D3: 점 | H3: =G11+'30일'!H3:I3 -> 54353900
E5: 날씨 | F5: 외부온도 | G5: 내부온도 | H5: 외부습도 | I5: 내부습도
A9: 1. 금일 매출 실적 | B9: 실적 | C9: POS 매출 | E9: POS 외 매출 | G9: 총 매출 | I9: 객단가
C10: 매출액(원) | D10: 매출건수(건) | E10: 매출액(원) | F10: 매출건수(건) | G10: 총 매출액(원) | H10: 총 매출건수(건)
E11: =SUM(E55:I56) -> 0 | F11: =SUM(E53:I54) -> 0 | G11: =C11+E11 -> 0 | H11: =D11+F11 -> 0 | I11: =G11/H11 -> #DIV/0!
A12: 2. 제품 판매량 | B12: 제품명 | C12: 생산량(ea) | D12: 손실량(ea) | E12: 시식량(ea) | F12: 기타(ea) In (+) / Out (-) | H12: 재고량(ea) | I12: 판매량(ea)
B13: 바게트 | I13: =C13-D13-D14*1/2-E13-E14*1/2+F13-H13-H14*1/2-I14*1/2 -> 0
B14: 바게트(H)
B15: 화바게트 | I15: =C15-D15-D16*1/2-E15-E16*1/2+F15-H15-H16*1/2-I16*1/2 -> 0
B16: 화바게트(H)
B17: 깜파뉴 | I17: =C17-D17-D18*1/2-E17-E18*1/2+F17-H17-H18*1/2-I18*1/2 -> 0
B18: 깜파뉴(H)
B19: 식 빵 | I19: =C19-D19-D20*1/2-E19-E20*1/2+F19-H19-H20*1/2-I20*1/2 -> 0
B20: 식 빵(H)
B21: 블랙올리브 | I21: =C21-D21-E21+F21-H21 -> 0
B22: 허 브 | I22: =C22-D22-E22+F22-H22 -> 0
B23: 치아바타 | I23: =C23-D23-D24-E23-E24+F23+F24-H23-H24-I24 -> 0
B24: 화치아바타
B25: 크로아상 | I25: =C25-D25-E25+F25-H25 -> 0
B26: 뺑오쇼콜라 | I26: =C26-D26-E26+F26-H26 -> 0
B27: 플레인 스콘 | I27: =C27-D27-E27+F27-H27 -> 0
B28: 크랜베리 스콘 | I28: =C28-D28-E28+F28-H28 -> 0
B29: 브 레 첼 | I29: =C29-D29-E29+F29-H29 -> 0
B30: 스틱브레첼 | I30: =C30-D30-D31-E30-E31+F30+F31-H30-H31-I31 -> 0
B31: 버터브레첼
B32: 호라산 통밀
B33: 호밀비트
B34: 호밀후르츠
B35: 구름빵
B36: 무화과 호밀스틱 | I36: =C36-D36-E36+F36-H36 -> 0
B37: 봄날깜빠뉴 | I37: =C37-D37-D38*1/2-E37-E38*1/2+F37-H37-H38*1/2-I38*1/2 -> 0
B38: 봄날깜빠뉴(H)
B39: 여름메밀빵 | I39: =C39-D39-D40*1/2-E39-E40*1/2+F39-H39-H40*1/2-I40*1/2 -> 0
B40: 여름메밀빵(H)
B41: 가을애깜빠뉴 | I41: =C41-D41-D42*1/2-E41-E42*1/2+F41-H41-H42*1/2-I42*1/2 -> 0
B42: 가을애깜빠뉴(H)
B43: 슈톨렌
B44: 미니파네토네(여름)
B45: 파네토네
B46: 햄치즈샌드위치 | I46: =C46-D46-E46+F46-H46 -> 0
B47: 치킨샌드위치 | I47: =C47-D47-E47+F47-H47 -> 0
B48: 멜란자네 | I48: =C48-D48-E48+F48-H48 -> 0
B49: 수프+샌드위치
B50: 수프+빵
B51: 합 계 | C51: =SUM(C13:C50) -> 0 | D51: =SUM(D13:D46) -> 0 | E51: =SUM(E13:E46) -> 0 | F51: =SUM(F13:F46) -> 0 | H51: =SUM(H13:H46) -> 0 | I51: =SUM(I13:I46) -> 0
A52: 3. 예약 및 POS 외 매출 | D52: 선물 | E52: 쿠팡이츠 | F52: 배 민 | G52: 제로페이 | H52: 택배 | I52: 납품
C53: 매출건수(건)
C55: 매출액(원)
A57: 4. 서비스내역 및 손님 특이사항
A61: 5. 제품의견 / 손실
A65: 6. 매장 관리 | B65: 시설/장비 특이사항
B67: 청결/위생 관련업무
A70: 7. 지시 및 전달사항
A73: 8. 내일 준비사항
A75: 9. 직원 특이사항 | C75: 휴무 | D75: 휴가 | E75: 지각/조퇴 | F75: 지원 | G75: 생일 | H75: 신입 | I75: 기타사항
B76: 금일
B77: 내일
A78: 10. 시설 점검사항 | C78: 첫 출 근 자 | E78: 최 종 퇴 근 자 | G78: 위생/마감 점검 | I78: 최종 점검
H80: Paul & Paulina

Sheet 결산
A1: 일 일 업 무 보 고 서
A2: 일 시 | C2: 2022 년 1 월 | E2: 확인 | F2: 작성자 | H2: 누계 매출액
A3: 지 점 명 | D3: 점 | H3: =G11 -> 54353900
A9: 1. 금일 매출 실적 | B9: 실적 | C9: POS 매출 | E9: POS 외 매출 | G9: 총 매출 | I9: 객단가
C10: 매출액(원) | D10: 매출건수(건) | E10: 매출액(원) | F10: 매출건수(건) | G10: 총 매출액(원) | H10: 총 매출건수(건)
C11: =SUM('1일:31일'!C11) -> 45771900 | D11: =SUM('1일:31일'!D11) -> 3447 | E11: =SUM('1일:31일'!E11) -> 8582000 | F11: =SUM('1일:31일'!F11) -> 307 | G11: =SUM('1일:31일'!G11) -> 54353900 | H11: =SUM('1일:31일'!H11) -> 3754 | I11: =G11/H11 -> 14478.929
A12: 2. 제품 판매량 | B12: 제품명 | C12: 누계생산량(ea) | D12: 누계손실량(ea) | E12: 누계시식량(ea) | F12: 누계 기타(ea) In (+) / Out (-) | H12: 누계재고량(ea) | I12: 누계판매량(ea) | K12: 제품명 | L12: 판매율 | M12: 로스율 | N12: 재고율
B13: 바게트 | C13: =SUM('1일:31일'!C13) -> 907 | D13: =SUM('1일:31일'!D13) -> 2 | E13: =SUM('1일:31일'!E13) -> 1 | F13: =SUM('1일:31일'!F13) -> 0 | H13: =SUM('1일:31일'!H13) -> 33 | I13: =SUM('1일:31일'!I13) -> 864 | K13: 바게트 | L13: =(I13+I14*0.5)/(C13+F13) -> 0.95259096 | M13: =1-L13 -> 0.047409041 | N13: =(H13+H14*0.5)/(C13+F13) -> 0.03969129
B14: 바게트(H) | C14: =SUM('1일:31일'!C14) -> 0 | D14: =SUM('1일:31일'!D14) -> 3 | E14: =SUM('1일:31일'!E14) -> 5 | F14: =SUM('1일:31일'!F14) -> 0 | H14: =SUM('1일:31일'!H14) -> 6 | I14: =SUM('1일:31일'!I14) -> 0 | K14: 바게트(H)
B15: 화바게트 | C15: =SUM('1일:31일'!C15) -> 606 | D15: =SUM('1일:31일'!D15) -> 2 | E15: =SUM('1일:31일'!E15) -> 0 | F15: =SUM('1일:31일'!F15) -> 0 | H15: =SUM('1일:31일'!H15) -> 43 | I15: =SUM('1일:31일'!I15) -> 556 | K15: 화바게트 | L15: =(I15+I16*0.5)/(C15+F15) -> 0.91749175 | M15: =1-L15 -> 0.082508251 | N15: =(H15+H16*0.5)/(C15+F15) -> 0.075907591
B16: 화바게트(H) | C16: =SUM('1일:31일'!C16) -> 0 | D16: =SUM('1일:31일'!D16) -> 0 | E16: =SUM('1일:31일'!E16) -> 4 | F16: =SUM('1일:31일'!F16) -> 0 | H16: =SUM('1일:31일'!H16) -> 6 | I16: =SUM('1일:31일'!I16) -> 0 | K16: 화바게트(H)
B17: 깜파뉴 | C17: =SUM('1일:31일'!C17) -> 780 | D17: =SUM('1일:31일'!D17) -> 10 | E17: =SUM('1일:31일'!E17) -> 0 | F17: =SUM('1일:31일'!F17) -> 0 | H17: =SUM('1일:31일'!H17) -> 18 | I17: =SUM('1일:31일'!I17) -> 739 | K17: 깜파뉴 | L17: =(I17+I18*0.5)/(C17+F17) -> 0.9474359 | M17: =1-L17 -> 0.052564103 | N17: =(H17+H18*0.5)/(C17+F17) -> 0.023717949
B18: 깜파뉴(H) | C18: =SUM('1일:31일'!C18) -> 0 | D18: =SUM('1일:31일'!D18) -> 6 | E18: =SUM('1일:31일'!E18) -> 19 | F18: =SUM('1일:31일'!F18) -> 0 | H18: =SUM('1일:31일'!H18) -> 1 | I18: =SUM('1일:31일'!I18) -> 0 | K18: 깜파뉴(H)
B19: 식 빵 | C19: =SUM('1일:31일'!C19) -> 380 | D19: =SUM('1일:31일'!D19) -> 7 | E19: =SUM('1일:31일'!E19) -> 0 | F19: =SUM('1일:31일'!F19) -> 0 | H19: =SUM('1일:31일'!H19) -> 5 | I19: =SUM('1일:31일'!I19) -> 366 | K19: 식 빵 | L19: =(I19+I20*0.5)/(C19+F19) -> 0.96315789 | M19: =1-L19 -> 0.036842105 | N19: =(H19+H20*0.5)/(C19+F19) -> 0.014473684
B20: 식 빵(H) | C20: =SUM('1일:31일'!C20) -> 0 | D20: =SUM('1일:31일'!D20) -> 2 | E20: =SUM('1일:31일'!E20) -> 1 | F20: =SUM('1일:31일'!F20) -> 0 | H20: =SUM('1일:31일'!H20) -> 1 | I20: =SUM('1일:31일'!I20) -> 0 | K20: 식 빵(H)
B21: 블랙올리브 | C21: =SUM('1일:31일'!C21) -> 2163 | D21: =SUM('1일:31일'!D21) -> 5 | E21: =SUM('1일:31일'!E21) -> 25 | F21: =SUM('1일:31일'!F21) -> 0 | H21: =SUM('1일:31일'!H21) -> 116 | I21: =SUM('1일:31일'!I21) -> 2017 | K21: 블랙올리브 | L21: =I21/(C21+F21) -> 0.93250116 | M21: =1-L21 -> 0.067498844 | N21: =H21/(C21+F21) -> 0.053629219
B22: 허 브 | C22: =SUM('1일:31일'!C22) -> 1257 | D22: =SUM('1일:31일'!D22) -> 12 | E22: =SUM('1일:31일'!E22) -> 31 | F22: =SUM('1일:31일'!F22) -> 0 | H22: =SUM('1일:31일'!H22) -> 147 | I22: =SUM('1일:31일'!I22) -> 1067 | K22: 허 브 | L22: =I22/(C22+F22) -> 0.84884646 | M22: =1-L22 -> 0.15115354 | N22: =H22/(C22+F22) -> 0.11694511
B23: 치아바타 | C23: =SUM('1일:31일'!C23) -> 4201 | D23: =SUM('1일:31일'!D23) -> 34 | E23: =SUM('1일:31일'!E23) -> 52 | F23: =SUM('1일:31일'!F23) -> 0 | H23: =SUM('1일:31일'!H23) -> 203 | I23: =SUM('1일:31일'!I23) -> #VALUE! | K23: 치아바타 | L23: =(I23+I24)/(C23+F23+F24) -> #VALUE! | M23: =1-L23 -> #VALUE! | N23: =(H23+H24)/(C23+F23+F24) -> 0.064746489
B24: 화치아바타 | C24: =SUM('1일:31일'!C24) -> 0 | D24: =SUM('1일:31일'!D24) -> 19 | E24: =SUM('1일:31일'!E24) -> 27 | F24: =SUM('1일:31일'!F24) -> 0 | H24: =SUM('1일:31일'!H24) -> 69 | I24: =SUM('1일:31일'!I24) -> 0 | K24: 화치아바타
B25: 크로아상 | C25: =SUM('1일:31일'!C25) -> 931 | D25: =SUM('1일:31일'!D25) -> 33 | E25: =SUM('1일:31일'!E25) -> 4 | F25: =SUM('1일:31일'!F25) -> 0 | H25: =SUM('1일:31일'!H25) -> 74 | I25: =SUM('1일:31일'!I25) -> 820 | K25: 크로아상 | L25: =I25/(C25+F25) -> 0.88077336 | M25: =1-L25 -> 0.11922664 | N25: =H25/(C25+F25) -> 0.079484425
B26: 뺑오쇼콜라 | C26: =SUM('1일:31일'!C26) -> 960 | D26: =SUM('1일:31일'!D26) -> 7 | E26: =SUM('1일:31일'!E26) -> 0 | F26: =SUM('1일:31일'!F26) -> 0 | H26: =SUM('1일:31일'!H26) -> 15 | I26: =SUM('1일:31일'!I26) -> 938 | K26: 뺑오쇼콜라 | L26: =I26/(C26+F26) -> 0.97708333 | M26: =1-L26 -> 0.022916667 | N26: =H26/(C26+F26) -> 0.015625
B27: 플레인 스콘 | C27: =SUM('1일:31일'!C27) -> 779 | D27: =SUM('1일:31일'!D27) -> 9 | E27: =SUM('1일:31일'!E27) -> 6 | F27: =SUM('1일:31일'!F27) -> 0 | H27: =SUM('1일:31일'!H27) -> 56 | I27: =SUM('1일:31일'!I27) -> 708 | K27: 플레인 스콘 | L27: =I27/(C27+F27) -> 0.90885751 | M27: =1-L27 -> 0.09114249 | N27: =H27/(C27+F27) -> 0.071887035
B28: 크랜베리 스콘 | C28: =SUM('1일:31일'!C28) -> 917 | D28: =SUM('1일:31일'!D28) -> 24 | E28: =SUM('1일:31일'!E28) -> 11 | F28: =SUM('1일:31일'!F28) -> 0 | H28: =SUM('1일:31일'!H28) -> 49 | I28: =SUM('1일:31일'!I28) -> 833 | K28: 크랜베리 스콘 | L28: =I28/(C28+F28) -> 0.90839695 | M28: =1-L28 -> 0.091603053 | N28: =H28/(C28+F28) -> 0.053435115
B29: 브 레 첼 | C29: =SUM('1일:31일'!C29) -> 260 | D29: =SUM('1일:31일'!D29) -> 4 | E29: =SUM('1일:31일'!E29) -> 1 | F29: =SUM('1일:31일'!F29) -> 0 | H29: =SUM('1일:31일'!H29) -> 7 | I29: =SUM('1일:31일'!I29) -> 248 | K29: 브 레 첼 | L29: =I29/(C29+F29) -> 0.95384615 | M29: =1-L29 -> 0.046153846 | N29: =H29/(C29+F29) -> 0.026923077
B30: 스틱브레첼 | C30: =SUM('1일:31일'!C30) -> 2503 | D30: =SUM('1일:31일'!D30) -> 39 | E30: =SUM('1일:31일'!E30) -> 15 | F30: =SUM('1일:31일'!F30) -> 0 | H30: =SUM('1일:31일'!H30) -> 85 | I30: =SUM('1일:31일'!I30) -> 2362 | K30: 스틱브레첼 | L30: =(I30+I31)/(C30+F30+F31) -> 0.9436676 | M30: =1-L30 -> 0.056332401 | N30: =(H30+H31)/(C30+F30+F31) -> 0.033959249
B31: 버터브레첼 | C31: =SUM('1일:31일'!C31) -> 0 | D31: =SUM('1일:31일'!D31) -> 0 | E31: =SUM('1일:31일'!E31) -> 2 | F31: =SUM('1일:31일'!F31) -> 0 | H31: =SUM('1일:31일'!H31) -> 0 | I31: =SUM('1일:31일'!I31) -> 0 | K31: 버터브레첼
B32: 호라산 통밀 | C32: =SUM('1일:31일'!C32) -> 0 | D32: =SUM('1일:31일'!D32) -> 0 | E32: =SUM('1일:31일'!E32) -> 0 | F32: =SUM('1일:31일'!F32) -> 0 | H32: =SUM('1일:31일'!H32) -> 0 | I32: =SUM('1일:31일'!I32) -> 15 | K32: 호라산 통밀 | M32: =D32/I32 -> 0
B33: 호밀비트 | C33: =SUM('1일:31일'!C33) -> 0 | D33: =SUM('1일:31일'!D33) -> 0 | E33: =SUM('1일:31일'!E33) -> 0 | F33: =SUM('1일:31일'!F33) -> 0 | H33: =SUM('1일:31일'!H33) -> 1 | I33: =SUM('1일:31일'!I33) -> 17 | K33: 호밀비트 | M33: =D33/I33 -> 0
B34: 호밀후르츠 | C34: =SUM('1일:31일'!C34) -> 0 | D34: =SUM('1일:31일'!D34) -> 0 | E34: =SUM('1일:31일'!E34) -> 0 | F34: =SUM('1일:31일'!F34) -> 0 | H34: =SUM('1일:31일'!H34) -> 1 | I34: =SUM('1일:31일'!I34) -> 38 | K34: 호밀후르츠 | M34: =D34/I34 -> 0
B35: 구름빵 | C35: =SUM('1일:31일'!C35) -> 32 | D35: =SUM('1일:31일'!D35) -> 0 | E35: =SUM('1일:31일'!E35) -> 10 | F35: =SUM('1일:31일'!F35) -> 0 | H35: =SUM('1일:31일'!H35) -> 0 | I35: =SUM('1일:31일'!I35) -> 394 | K35: 구름빵 | M35: =D35/I35 -> 0
B36: 무화과 호밀스틱 | C36: =SUM('1일:31일'!C36) -> 470 | D36: =SUM('1일:31일'!D36) -> 3 | E36: =SUM('1일:31일'!E36) -> 1 | F36: =SUM('1일:31일'!F36) -> 0 | H36: =SUM('1일:31일'!H36) -> 17 | I36: =SUM('1일:31일'!I36) -> 449 | K36: 무화과 호밀스틱 | L36: =I36/(C36+F36) -> 0.95531915 | M36: =1-L36 -> 0.044680851 | N36: =H36/(C36+F36) -> 0.036170213
B37: 봄날깜빠뉴 | C37: =SUM('1일:31일'!C37) -> 0 | D37: =SUM('1일:31일'!D37) -> 0 | E37: =SUM('1일:31일'!E37) -> 0 | F37: =SUM('1일:31일'!F37) -> 0 | H37: =SUM('1일:31일'!H37) -> 0 | I37: =SUM('1일:31일'!I37) -> 0 | K37: 봄날깜빠뉴 | L37: =(I37+I38*0.5)/(C37+F37) -> #DIV/0! | M37: =1-L37 -> #DIV/0! | N37: =H37/(C37+F37) -> #DIV/0!
B38: 봄날깜빠뉴(H) | C38: =SUM('1일:31일'!C38) -> 0 | D38: =SUM('1일:31일'!D38) -> 0 | E38: =SUM('1일:31일'!E38) -> 0 | F38: =SUM('1일:31일'!F38) -> 0 | H38: =SUM('1일:31일'!H38) -> 0 | I38: =SUM('1일:31일'!I38) -> 0 | K38: 봄날깜빠뉴(H)
B39: 여름메밀빵 | C39: =SUM('1일:31일'!C39) -> 0 | D39: =SUM('1일:31일'!D39) -> 0 | E39: =SUM('1일:31일'!E39) -> 0 | F39: =SUM('1일:31일'!F39) -> 0 | H39: =SUM('1일:31일'!H39) -> 0 | I39: =SUM('1일:31일'!I39) -> 0 | K39: 여름메밀빵 | L39: =(I39+I40*0.5)/(C39+F39) -> #DIV/0! | M39: =1-L39 -> #DIV/0! | N39: =H39/(C39+F39) -> #DIV/0!
B40: 여름메밀빵(H) | C40: =SUM('1일:31일'!C40) -> 0 | D40: =SUM('1일:31일'!D40) -> 0 | E40: =SUM('1일:31일'!E40) -> 0 | F40: =SUM('1일:31일'!F40) -> 0 | H40: =SUM('1일:31일'!H40) -> 0 | I40: =SUM('1일:31일'!I40) -> 0 | K40: 여름메밀빵(H)
B41: 가을애깜빠뉴 | C41: =SUM('1일:31일'!C41) -> 0 | D41: =SUM('1일:31일'!D41) -> 0 | E41: =SUM('1일:31일'!E41) -> 0 | F41: =SUM('1일:31일'!F41) -> 0 | H41: =SUM('1일:31일'!H41) -> 0 | I41: =SUM('1일:31일'!I41) -> 0 | K41: 가을애깜빠뉴 | L41: =(I41+I42*0.5)/(C41+F41) -> #DIV/0! | M41: =1-L41 -> #DIV/0! | N41: =H41/(C41+F41) -> #DIV/0!
B42: 가을애깜빠뉴(H) | C42: =SUM('1일:31일'!C42) -> 0 | D42: =SUM('1일:31일'!D42) -> 0 | E42: =SUM('1일:31일'!E42) -> 0 | F42: =SUM('1일:31일'!F42) -> 0 | H42: =SUM('1일:31일'!H42) -> 0 | I42: =SUM('1일:31일'!I42) -> 0 | K42: 가을애깜빠뉴(H)
B43: 슈톨렌 | C43: =SUM('1일:31일'!C43) -> 0 | D43: =SUM('1일:31일'!D35) -> 0 | E43: =SUM('1일:31일'!E35) -> 10 | F43: =SUM('1일:31일'!F35) -> 0 | H43: =SUM('1일:31일'!H35) -> 0 | I43: =SUM('1일:31일'!I43) -> 0 | K43: 슈톨렌 | M43: =D43/I43 -> #DIV/0!
B44: 미니파네토네(여름) | C44: =SUM('1일:31일'!C44) -> 0 | D44: =SUM('1일:31일'!D36) -> 3 | E44: =SUM('1일:31일'!E36) -> 1 | F44: =SUM('1일:31일'!F36) -> 0 | H44: =SUM('1일:31일'!H36) -> 17 | I44: =SUM('1일:31일'!I44) -> 0 | K44: 미니파네토네(여름) | M44: =D44/I44 -> #DIV/0!
B45: 파네토네 | C45: =SUM('1일:31일'!C45) -> 0 | D45: =SUM('1일:31일'!D37) -> 0 | E45: =SUM('1일:31일'!E37) -> 0 | F45: =SUM('1일:31일'!F37) -> 0 | H45: =SUM('1일:31일'!H37) -> 0 | I45: =SUM('1일:31일'!I45) -> 0 | K45: 파네토네 | M45: =D45/I45 -> #DIV/0!
B46: 햄치즈샌드위치 | C46: =SUM('1일:31일'!C46) -> 292 | D46: =SUM('1일:31일'!D45) -> 0 | E46: =SUM('1일:31일'!E45) -> 0 | F46: =SUM('1일:31일'!F45) -> 0 | H46: =SUM('1일:31일'!H45) -> 0 | I46: =SUM('1일:31일'!I46) -> 292 | K46: 햄치즈샌드위치 | L46: =I46/(C46+F46) -> 1 | M46: =D46/I46 -> 0 | N46: =H46/(C46+F46) -> 0
B47: 치킨샌드위치 | C47: =SUM('1일:31일'!C47) -> 175 | D47: =SUM('1일:31일'!D46) -> 0 | E47: =SUM('1일:31일'!E46) -> 0 | F47: =SUM('1일:31일'!F46) -> 0 | H47: =SUM('1일:31일'!H46) -> 0 | I47: =SUM('1일:31일'!I47) -> 175 | K47: 치킨샌드위치 | L47: =I47/(C47+F47) -> 1 | M47: =D47/I47 -> 0 | N47: =H47/(C47+F47) -> 0
B48: 멜란자네 | C48: =SUM('1일:31일'!C48) -> 0 | D48: =SUM('1일:31일'!D47) -> 0 | E48: =SUM('1일:31일'!E47) -> 0 | F48: =SUM('1일:31일'!F47) -> 0 | H48: =SUM('1일:31일'!H47) -> 0 | I48: =SUM('1일:31일'!I48) -> 0 | K48: 멜란자네 | L48: =I48/(C48+F48) -> #DIV/0! | M48: =D48/I48 -> #DIV/0! | N48: =H48/(C48+F48) -> #DIV/0!
B49: 수프+샌드위치 | C49: =SUM('1일:31일'!C49) -> 0 | D49: =SUM('1일:31일'!D48) -> 0 | E49: =SUM('1일:31일'!E48) -> 0 | F49: =SUM('1일:31일'!F48) -> 0 | H49: =SUM('1일:31일'!H48) -> 0 | I49: =SUM('1일:31일'!I49) -> 20 | K49: 수프+샌드위치 | M49: =D49/I49 -> 0
B50: 수프+빵 | C50: =SUM('1일:31일'!C50) -> 0 | D50: =SUM('1일:31일'!D50) -> 0 | E50: =SUM('1일:31일'!E50) -> 0 | F50: =SUM('1일:31일'!F50) -> 0 | H50: =SUM('1일:31일'!H50) -> 0 | I50: =SUM('1일:31일'!I50) -> 40 | K50: 수프+빵 | M50: =D50/I50 -> 0
B51: 합 계 | C51: =SUM(C13:C50) -> 17613 | D51: =SUM(D13:D50) -> 224 | E51: =SUM(E13:E50) -> 226 | F51: =SUM(F13:F50) -> 0 | H51: =SUM(H13:H50) -> 970 | I51: =SUM(I13:I50) -> #VALUE! | K51: 합계 | L51: =SUM(L13:L50)/31 -> #VALUE! | M51: =SUM(M13:M50)/31 -> #VALUE! | N51: =SUM(N13:N50)/31 -> #DIV/0!
H52: Paul & Paulina
